country.x,dataset_key.x,dataset_party_id.x,name_short.x,name.x,name_english.x,year_first.x,year_last.x,share.x,share_year.x,description.x,comment.x,created.x,modified.x,external_id.x,partyfacts_id,linked.x,country.y,dataset_key.y,dataset_party_id.y,name_short.y,name.y,name_english.y,year_first.y,year_last.y,share.y,share_year.y,description.y,comment.y,created.y,modified.y,external_id.y,linked.y,country,dataset_key,dataset_party_id,name_short,name,name_english,year_first,year_last,share,share_year,description,comment,created,modified,external_id,linked
AUT,manifesto,42430,NEOS,Das Neue Österreich und Liberales Forum,The New Austria and Liberal Forum,2013,2019,8.1,2019,NA,NA,2018-08-02T13:23:00Z,2023-06-05T10:39:55Z,25047,1970,2018-08-02T13:23:00Z,AUT,vparty,1970,NEOS,NA,NEOS – The New Austria,2013,2019,8.1,2019,NA,NA,2020-03-07T13:56:49Z,2021-03-12T10:14:32Z,40366,2020-03-07T13:56:49Z,AUT,poppa,105,NEOS,Das Neue Österreich und Liberales Forum,The New Austria,2018,2018,NA,NA,NA,NA,2020-03-05T19:25:55Z,2021-03-12T10:16:17Z,36781,2020-03-05T19:25:55Z
AUT,manifesto,42110,GRÜNE,Die Grünen,The Greens,1986,2019,13.9,2019,NA,NA,2013-01-01T18:18:24Z,2023-06-05T10:39:58Z,2007,1659,2013-01-01T18:33:21Z,AUT,vparty,1659,GRUENE,NA,The Greens -- The Green Alternative,1994,2019,13.9,2019,NA,NA,2020-03-07T13:55:04Z,2021-03-12T10:14:32Z,37612,2020-03-07T13:55:04Z,AUT,poppa,104,Grüne,Die Grünen,The Greens,2018,2018,NA,NA,NA,NA,2020-03-05T19:25:57Z,2021-03-12T10:16:17Z,36805,2020-03-05T19:25:57Z
AUT,manifesto,42420,FPÖ,Freiheitliche Partei Österreichs,Austrian Freedom Party,1949,2019,26.9,1999,NA,NA,2013-01-01T18:17:11Z,2023-06-05T10:39:45Z,1656,463,2013-01-01T18:33:23Z,AUT,vparty,463,FPO,NA,Freedom Party of Austria,1949,2019,26.9,1999,NA,NA,2020-03-07T13:55:48Z,2021-03-12T10:14:32Z,38737,2020-03-07T13:55:49Z,AUT,poppa,103,FPÖ,Freiheitliche Partei Österreichs,Freedom Party of Austria,2018,2018,NA,NA,NA,NA,2020-03-05T19:25:45Z,2021-03-12T10:16:17Z,36653,2020-03-05T19:25:45Z
AUT,manifesto,42520,ÖVP,Österreichische Volkspartei,Austrian People’s Party,1949,2019,48.3,1966,NA,NA,2013-01-01T18:18:05Z,2023-06-05T10:39:45Z,1913,1329,2013-01-01T18:33:24Z,AUT,vparty,1329,OVP,NA,Austrian People's Party,1945,2019,49.8,1945,NA,NA,2020-03-07T13:56:49Z,2021-03-12T10:14:32Z,40381,2020-03-07T13:56:49Z,AUT,poppa,102,ÖVP,Österreichische Volkspartei,Austrian People's Party,2018,2018,NA,NA,NA,NA,2020-03-05T19:26:00Z,2021-03-12T10:16:17Z,36844,2020-03-05T19:26:00Z
AUT,manifesto,42320,SPÖ,Sozialdemokratische Partei Österreichs,Austrian Social Democratic Party,1949,2019,51,1979,NA,NA,2013-01-01T18:17:22Z,2023-06-05T10:39:49Z,1711,1384,2013-01-01T18:33:22Z,AUT,vparty,1384,SPO,NA,Social Democratic Party of Austria,1919,2019,51,1979,NA,NA,2020-03-07T13:55:44Z,2021-03-12T10:14:32Z,38646,2020-03-07T13:55:44Z,AUT,poppa,101,SPÖ,Sozialdemokratische Partei Österreichs,Social Democratic Party of Austria,2018,2018,NA,NA,NA,NA,2020-03-05T19:26:00Z,2021-03-12T10:16:17Z,36848,2020-03-05T19:26:00Z
BEL,manifesto,21522,cdH,Centre démocrate humaniste,Humanist Democratic Centre,1968,2014,11.7,1968,NA,NA,2013-01-01T18:18:16Z,2023-06-05T10:39:40Z,1966,633,2013-01-01T18:33:29Z,BEL,vparty,633,PSC,NA,Francophone Christian Social Party,1968,2014,11.7,1968,NA,NA,2020-03-07T13:55:26Z,2021-03-12T10:14:32Z,38140,2020-03-07T13:55:26Z,BEL,poppa,303,CDH,Centre Démocrate Humaniste,Humanist Democratic Centre,2018,2018,NA,NA,NA,NA,2020-03-05T19:25:44Z,2021-03-12T10:16:17Z,36648,2020-03-05T19:25:44Z
BEL,manifesto,21521,CD&V,Christen-Democratisch en Vlaams,Christian Democratic and Flemish,1968,2019,26.2,1977,NA,NA,2013-01-01T18:17:15Z,2023-06-05T10:39:57Z,1679,622,2013-01-01T18:33:25Z,BEL,vparty,622,CVP,NA,Flemish Christian Peoples Party,1968,2019,26.2,1977,NA,NA,2020-03-07T13:55:40Z,2021-03-12T10:14:32Z,38539,2020-03-07T13:55:40Z,BEL,poppa,202,CD&V,Christen-Democratisch en Vlaams,Christian Democrats & Flemish,2018,2018,NA,NA,NA,NA,2020-03-05T19:26:03Z,2021-03-12T10:16:17Z,36888,2020-03-05T19:26:03Z
BEL,manifesto,21912,DéFI,Démocrate fédéraliste indépendant,"Democratic, Federalist,  Independent",1965,2014,4.5,1971,NA,NA,2013-01-01T18:18:09Z,2023-06-05T10:39:45Z,1935,698,2013-01-01T18:33:26Z,BEL,vparty,698,FDF,NA,Front Démocratique des Francophones / DéFI,1974,1974,5,1974,NA,NA,2020-03-07T13:56:36Z,2021-03-12T10:14:32Z,40067,2020-03-07T13:56:36Z,BEL,poppa,305,FDF,Fédéralistes Démocrates Francophones,Francophone Democratic Front,2018,2018,NA,NA,NA,NA,2020-03-05T19:25:51Z,2021-03-12T10:16:17Z,36724,2020-03-05T19:25:51Z
BEL,manifesto,21111,ECOLO,Écologistes Confédérés pour l’Organisation de Luttes Originales,Ecologists,1981,2010,7.4,1999,NA,NA,2013-01-01T18:17:29Z,2023-06-05T10:39:52Z,1740,1563,2013-01-01T18:33:32Z,BEL,vparty,1563,Ecolo,NA,Confederated ecologists for the organisation of original struggles,1991,2019,7.3,1999,NA,NA,2020-03-07T13:56:43Z,2021-03-12T10:14:32Z,40202,2020-03-07T13:56:43Z,BEL,poppa,304,Ecolo,Ecolo,Francophone Ecologists,2018,2018,NA,NA,NA,NA,2020-03-05T19:25:45Z,2021-03-12T10:16:17Z,36666,2020-03-05T19:25:45Z
BEL,manifesto,21112,groen!,Groen!,Green!,1981,2019,7,1999,NA,NA,2013-01-01T18:17:36Z,2023-06-05T10:40:03Z,1776,528,2013-01-01T18:33:24Z,BEL,vparty,528,AGL-Gr,NA,Agalev -- Green,1999,2019,7,1999,NA,NA,2020-03-07T13:56:21Z,2021-03-12T10:14:32Z,39638,2020-03-07T13:56:21Z,BEL,poppa,205,GROEN,Groen,Green!,2018,2018,NA,NA,NA,NA,2020-03-05T19:26:00Z,2021-03-12T10:16:17Z,36849,2020-03-05T19:26:00Z
BEL,manifesto,21426,MR,Mouvement Réformateur,Reform Movement,2003,2014,12.5,2007,NA,NA,2014-02-08T21:29:12Z,2023-06-05T10:40:03Z,3640,789,2014-02-09T14:30:57Z,BEL,vparty,789,MR,NA,Reformist Movement,2003,2019,12.5,2007,NA,NA,2020-03-07T13:55:49Z,2021-03-12T10:14:32Z,38759,2020-03-07T13:55:49Z,BEL,poppa,302,MR,Mouvement Réformateur,Reformist Movement,2018,2018,NA,NA,NA,NA,2020-03-05T19:25:49Z,2021-03-12T10:16:17Z,36715,2020-03-05T19:25:49Z
BEL,manifesto,21916,N-VA,Nieuw-Vlaamse Alliantie,New Flemish Alliance,2003,2019,20.3,2014,NA,NA,2014-02-08T21:29:15Z,2023-06-05T10:40:02Z,3694,36,2014-02-09T22:56:07Z,BEL,vparty,36,N-VA,NA,New Flemish Alliance,2010,2019,20.3,2014,NA,NA,2020-03-07T13:56:02Z,2021-03-12T10:14:32Z,39115,2020-03-07T13:56:02Z,BEL,poppa,201,N-VA,Nieuw-Vlaamse Alliantie,New Flemish Alliance,2018,2018,NA,NA,NA,NA,2020-03-05T19:26:02Z,2021-03-12T10:16:17Z,36876,2020-03-05T19:26:02Z
BEL,manifesto,21421,openVLD,Open Vlaamse Liberalen en Demokraten,Open Flemish Liberals and Democrats,1971,2019,15.4,2003,NA,NA,2013-01-01T18:16:54Z,2023-06-05T10:39:58Z,1580,49,2013-01-01T18:33:30Z,BEL,vparty,49,PVV-OVLD,NA,Party of Liberty and Progress -- Open Flemish Liberals and Democrats,1971,2019,15.4,2003,NA,NA,2020-03-07T13:54:59Z,2021-03-12T10:14:32Z,37453,2020-03-07T13:54:59Z,BEL,poppa,203,O-VLD,Open Vlaamse Liberalen en Democraten,Open Flemish Liberals,2018,2018,NA,NA,NA,NA,2020-03-05T19:25:56Z,2021-03-12T10:16:17Z,36791,2020-03-05T19:25:56Z
BEL,manifesto,21230,PTB/PVDA,Partij van de Arbeid van België/Parti du Travail de Belgique,Workers' Party of Belgium,2014,2019,8.6,2019,NA,NA,2023-06-05T10:39:52Z,2023-06-05T10:39:52Z,59090,1753,2023-06-05T10:39:52Z,BEL,vparty,1753,PA-PTB,NA,Workers' Party of Belgium,2019,2019,8.6,2019,NA,NA,2020-03-07T13:56:33Z,2021-03-12T10:14:32Z,40014,2020-03-07T13:56:33Z,BEL,poppa,207,PVDA-PTB,Partij van de Arbeid van België/Parti du travail de Belgique,Workers' Party of Belgium,2018,2018,NA,NA,NA,NA,2020-03-05T19:26:01Z,2021-03-12T10:16:17Z,36855,2020-03-05T19:26:01Z
BEL,manifesto,21322,PS,Parti Socialiste,Francophone Socialist Party,1978,2014,15.7,1987,NA,NA,2013-01-01T18:17:16Z,2023-06-05T10:39:49Z,1680,500,2013-01-01T18:33:29Z,BEL,vparty,500,PS,NA,Socialist Party [Francophone],1978,2019,15.7,1987,NA,NA,2020-03-07T13:55:34Z,2021-03-12T10:14:32Z,38380,2020-03-07T13:55:34Z,BEL,poppa,301,PS,Parti Socialiste,Socialist Party,2018,2018,NA,NA,NA,NA,2020-03-05T19:25:54Z,2021-03-12T10:16:17Z,36774,2020-03-05T19:25:54Z
BEL,manifesto,21321,sp.a,Socialistische Partij Anders,Socialist Party Different,1978,2019,14.9,1987,NA,NA,2013-01-01T18:16:17Z,2023-06-05T10:39:54Z,1410,1680,2013-01-01T18:33:24Z,BEL,vparty,1680,SPA,NA,Socialist Party Differently,1978,2019,14.9,1987,NA,NA,2020-03-07T13:56:52Z,2021-03-12T10:14:32Z,40451,2020-03-07T13:56:52Z,BEL,poppa,204,SPa,Socialistische Partij Anders,Socialist Party -- Different,2018,2018,NA,NA,NA,NA,2020-03-05T19:25:57Z,2021-03-12T10:16:17Z,36797,2020-03-05T19:25:57Z
BEL,manifesto,21914,VB,Vlaams Blok,Flemish Bloc,1978,2003,11.7,2003,NA,NA,2013-01-01T18:16:33Z,2023-06-05T10:39:46Z,1484,553,2013-01-01T18:33:31Z,BEL,vparty,553,VB,NA,Flemish Block / Interest,1991,2010,12,2007,NA,NA,2020-03-07T13:55:28Z,2021-03-12T10:14:32Z,38217,2020-03-07T13:55:28Z,BEL,poppa,206,VB,Vlaams Belang,Flemish Interest,2018,2018,NA,NA,NA,NA,2020-03-05T19:25:56Z,2021-03-12T10:16:17Z,36793,2020-03-05T19:25:57Z
BGR,manifesto,80630,BBZ,Balgariya bez tsenzura,Bulgaria without Censorship,2014,2014,5.7,2014,NA,NA,2018-08-02T13:23:00Z,2023-06-05T10:39:40Z,25045,3188,2018-08-02T13:23:00Z,BGR,vparty,3188,BBZ,NA,Bulgaria Without Censorship,2014,2014,5.7,2014,NA,NA,2020-03-07T13:54:55Z,2021-03-12T10:14:33Z,37362,2020-03-07T13:54:55Z,BGR,poppa,407,BBZ,Презареди България / Prezaredi Balgariya,Reload Bulgaria/ Bulgaria Without Censorship,2018,2018,NA,NA,NA,NA,2020-03-05T19:25:47Z,2021-03-12T10:16:17Z,36701,2020-03-05T19:25:47Z
BGR,manifesto,80221,BSPzB,BSP za Balgariya,BSP for Bulgaria,2001,2017,31,2005,NA,NA,2013-01-01T18:16:52Z,2023-06-05T10:40:00Z,1570,1665,2013-01-01T18:33:35Z,BGR,vparty,1665,KzB/BSP,NA,Coalition for Bulgaria -- Democratic Left,1991,2017,43.5,1994,NA,NA,2020-03-07T13:55:19Z,2021-03-12T10:14:33Z,37955,2020-03-07T13:55:19Z,BGR,poppa,402,BSP; KzB,Българската левица / Bǎlgarskata levitsa; Коалиция за България / Koalitsiya za Bulgaria,Bulgarian Socialist Party; Coalition for Bulgaria,2018,2018,NA,NA,NA,NA,2020-03-05T19:25:52Z,2021-03-12T10:16:17Z,36748,2020-03-05T19:25:52Z
BGR,manifesto,80229,DL,Demokratichna Levitsa,Democratic Left,1997,1997,22.1,1997,NA,composed of: BSP Bulgarska Socialisticheska Partiya (Bulgarian Socialist Party) BZNS-AS Bulgarski Zemedelski Naroden Sajuz - Aleksander Stanboliynski (Bulgarian Agrarian People’s Union - Alexander Stamboliysky) DE Dvisenie Ekoglasnost (Movement Ekoglasnost),2013-01-01T18:18:25Z,2023-06-05T10:39:39Z,2012,1665,2014-06-28T09:00:02Z,BGR,vparty,1665,KzB/BSP,NA,Coalition for Bulgaria -- Democratic Left,1991,2017,43.5,1994,NA,NA,2020-03-07T13:55:19Z,2021-03-12T10:14:33Z,37955,2020-03-07T13:55:19Z,BGR,poppa,402,BSP; KzB,Българската левица / Bǎlgarskata levitsa; Коалиция за България / Koalitsiya za Bulgaria,Bulgarian Socialist Party; Coalition for Bulgaria,2018,2018,NA,NA,NA,NA,2020-03-05T19:25:52Z,2021-03-12T10:16:17Z,36748,2020-03-05T19:25:52Z
BGR,manifesto,80951,DPS,Dvizhenie za Prava i Svobodi,Movement for Rights and Freedoms,1990,2017,14.8,2014,NA,NA,2013-01-01T18:16:17Z,2023-06-05T10:39:40Z,1409,982,2013-01-01T18:33:35Z,BGR,vparty,982,DPS,NA,Movement for Rights and Freedoms,1990,2017,14.8,2014,NA,NA,2020-03-07T13:55:54Z,2021-03-12T10:14:33Z,38890,2020-03-07T13:55:54Z,BGR,poppa,404,DPS,Движение за права и свободи / Dvizhenie za prava i svobodi,Movement for Rights and Freedoms,2018,2018,NA,NA,NA,NA,2020-03-05T19:26:02Z,2021-03-12T10:16:17Z,36871,2020-03-05T19:26:02Z
BGR,manifesto,80510,GERB,Grazhdani za Evropeisko Razvitie Balgariya,Citizens for European Development of Bulgaria,2009,2017,39.7,2009,NA,NA,2014-02-08T21:29:12Z,2023-06-05T10:39:51Z,3637,760,2014-02-10T10:23:48Z,BGR,vparty,760,GERB,NA,Citizens for European Development of Bulgaria,2009,2017,39.7,2009,NA,NA,2020-03-07T13:55:40Z,2021-03-12T10:14:33Z,38533,2020-03-07T13:55:40Z,BGR,poppa,401,GERB,Граждани за европейско развитие на България / Grazhdani za Evropeysko Razvitie na Balgariya,Citizens for European Development,2018,2018,NA,NA,NA,NA,2020-03-05T19:25:52Z,2021-03-12T10:16:17Z,36743,2020-03-05T19:25:52Z
BGR,manifesto,80228,BSP-BZNS-AS-PKE,"Koalitsiya na Balgarska Sotsialisticheska Partiya, Balgarski Zemedelski Naroden Sayuz - Aleksandar Stambolijski i Politicheski klub 'Ekoglasnost'","Coalition of Bulgarian Socialist Party, Bulgarian Agrarian People’s Union - Alexandar Stambolijski and Political Club 'Ekoglasnost'",1991,1994,43.5,1994,NA,composed of: BSP Bulgarska Socialisticheska Partiya (Bulgarian Socialist Party) and eight minor parties,2013-01-01T18:17:38Z,2023-06-05T10:39:40Z,1782,1665,2014-06-28T09:01:18Z,BGR,vparty,1665,KzB/BSP,NA,Coalition for Bulgaria -- Democratic Left,1991,2017,43.5,1994,NA,NA,2020-03-07T13:55:19Z,2021-03-12T10:14:33Z,37955,2020-03-07T13:55:19Z,BGR,poppa,402,BSP; KzB,Българската левица / Bǎlgarskata levitsa; Коалиция за България / Koalitsiya za Bulgaria,Bulgarian Socialist Party; Coalition for Bulgaria,2018,2018,NA,NA,NA,NA,2020-03-05T19:25:52Z,2021-03-12T10:16:17Z,36748,2020-03-05T19:25:52Z
BGR,manifesto,80710,ATAKA,Nacionalno Obedinenie Ataka,National Union Attack,2005,2014,9.4,2009,NA,NA,2014-02-08T21:29:13Z,2023-06-05T10:39:48Z,3646,1793,2014-02-10T10:24:04Z,BGR,vparty,1793,ATA,NA,National Union Attack,2005,2013,9.4,2009,NA,NA,2020-03-07T13:55:26Z,2021-03-12T10:14:33Z,38129,2020-03-07T13:55:26Z,BGR,poppa,409,Ataka,Атака / Ataka,Attack,2018,2018,NA,NA,NA,NA,2020-03-05T19:25:45Z,2021-03-12T10:16:17Z,36654,2020-03-05T19:25:45Z
BGR,manifesto,80061,NA,Reformatorski blok,Reformist bloc,2014,2014,8.9,2014,NA,NA,2018-08-02T13:23:08Z,2023-06-05T10:39:42Z,25075,3189,2018-08-02T13:24:22Z,BGR,vparty,3189,RB,NA,Reformist Bloc,2014,2014,8.9,2014,NA,NA,2020-03-07T13:55:27Z,2021-03-12T10:14:33Z,38167,2020-03-07T13:55:27Z,BGR,poppa,406,RB,Реформаторски блок / Reformatorski blok,Reformist Bloc,2018,2018,NA,NA,NA,NA,2020-03-05T19:25:53Z,2021-03-12T10:16:17Z,36767,2020-03-05T19:25:53Z
HRV,manifesto,81711,HDZ,Hrvatska demokratska zajednica,Croatian Democratic Union,1990,2020,45.2,1995,NA,NA,2013-01-01T18:16:53Z,2023-06-05T10:39:57Z,1574,1431,2013-01-01T18:34:53Z,HRV,vparty,1431,HDZ,NA,Croatian Democratic Union,1992,2016,45.2,1995,NA,NA,2020-03-07T13:55:34Z,2021-03-12T10:14:35Z,38363,2020-03-07T13:55:34Z,HRV,poppa,501,HDZ,Hrvatska demokratska zajednica,Croatian Democratic Union,2018,2018,NA,NA,NA,NA,2020-03-05T19:25:58Z,2021-03-12T10:16:17Z,36824,2020-03-05T19:25:58Z
HRV,manifesto,81712,HNS,Hrvatska narodna stranka - liberalni demokrati,Croatian People’s Party - Liberal Democrats,1992,2020,8,2003,NA,NA,2013-01-01T18:17:38Z,2023-06-05T10:39:53Z,1784,799,2013-01-01T18:34:53Z,HRV,vparty,799,HNS,NA,Croatian People's Party – Liberal Democrats,1992,2016,8.6,2011,NA,NA,2020-03-07T13:55:21Z,2021-03-12T10:14:35Z,38007,2020-03-07T13:55:21Z,HRV,poppa,504,HNS,Hrvatska narodna stranka - liberalni demokrati,Croatian  People's  Party  –  Liberal Democrats,2018,2018,NA,NA,NA,NA,2020-03-05T19:25:45Z,2021-03-12T10:16:17Z,36669,2020-03-05T19:25:46Z
HRV,manifesto,81810,HSS,Hrvatska seljačka stranka,Croatian Peasant Party,1992,2011,10,2000,NA,NA,2013-01-01T18:16:17Z,2023-06-05T10:39:45Z,1412,72,2013-01-01T18:34:54Z,HRV,vparty,72,HSS,NA,Croatian Peasant Party,1995,2016,11.3,2000,NA,NA,2020-03-07T13:54:59Z,2021-03-12T10:14:35Z,37463,2020-03-07T13:54:59Z,HRV,poppa,506,HSS,Hrvatska seljačka stranka,Croatian Peasant Party,2018,2018,NA,NA,NA,NA,2020-03-05T19:25:59Z,2021-03-12T10:16:17Z,36829,2020-03-05T19:25:59Z
HRV,manifesto,81410,HSLS,Hrvatska socijalno-liberalna stranka,Croatian Social-Liberal Party,1992,1995,17.7,1992,NA,NA,2013-01-01T18:16:39Z,2023-06-05T10:39:46Z,1508,214,2013-01-01T18:34:54Z,HRV,vparty,214,HSLS,NA,Croatian Social Liberal Party,1992,2016,17.7,1992,NA,NA,2020-03-07T13:54:59Z,2021-03-12T10:14:35Z,37469,2020-03-07T13:54:59Z,HRV,poppa,502,HSLS,Hrvatska socijalno-liberalna stranka,Croatian Social Liberal Party,2018,2018,NA,NA,NA,NA,2020-03-05T19:25:53Z,2021-03-12T10:16:17Z,36760,2020-03-05T19:25:53Z
HRV,manifesto,81957,HSU,Hrvatska stranka umirovljenika,Croatian Party of Pensioners,2003,2003,4,2003,NA,NA,2014-02-08T21:29:09Z,2023-06-05T10:39:55Z,3582,2062,2014-02-27T16:59:38Z,HRV,vparty,2062,HSU,NA,Croatian Party of Pensioners,2011,2016,2,2011,NA,NA,2020-03-07T13:55:15Z,2021-03-12T10:14:35Z,37895,2020-03-07T13:55:16Z,HRV,poppa,505,HSU,Hrvatska stranka umirovljenika,Croatian Party of Pensioners,2018,2018,NA,NA,NA,NA,2020-03-05T19:25:51Z,2021-03-12T10:16:17Z,36729,2020-03-05T19:25:51Z
HRV,manifesto,81953,IDS,Istarski demokratski sabor,Istrian Democratic Assembly,1992,2007,2.4,2000,NA,NA,2013-01-01T18:16:29Z,2023-06-05T10:39:45Z,1465,513,2013-01-01T18:34:55Z,HRV,vparty,513,IDS,NA,Istrian Democratic Assembly,1995,2011,3.1,1995,NA,NA,2020-03-07T13:56:53Z,2021-03-12T10:14:35Z,40472,2020-03-07T13:56:53Z,HRV,poppa,510,IDS,Istarski demokratski sabor,Istrian Democratic Assembly,2018,2018,NA,NA,NA,NA,2020-03-05T19:26:03Z,2021-03-12T10:16:17Z,36890,2020-03-05T19:26:03Z
HRV,manifesto,81042,HSLS-DC,Koalicija Hrvatske socijalno-liberalne stranke i Demokratskog centra,Coalition of the Croatian Social-liberal Party and the Democratic Centre,2003,2003,4,2003,NA,NA,2014-02-08T21:29:09Z,2023-06-05T10:39:47Z,3592,214,2014-06-28T21:20:21Z,HRV,vparty,214,HSLS,NA,Croatian Social Liberal Party,1992,2016,17.7,1992,NA,NA,2020-03-07T13:54:59Z,2021-03-12T10:14:35Z,37469,2020-03-07T13:54:59Z,HRV,poppa,502,HSLS,Hrvatska socijalno-liberalna stranka,Croatian Social Liberal Party,2018,2018,NA,NA,NA,NA,2020-03-05T19:25:53Z,2021-03-12T10:16:17Z,36760,2020-03-05T19:25:53Z
HRV,manifesto,81460,MOST,Most nezavisnih lista,Bridge of Independent Lists,2015,2020,12.8,2015,NA,NA,2017-03-13T21:05:12Z,2023-06-05T10:39:51Z,18752,4865,2017-06-18T06:31:46Z,HRV,vparty,4865,Most,NA,Bridge of Independent Lists,2015,2016,13.4,2015,NA,NA,2020-03-07T13:56:30Z,2021-03-12T10:14:35Z,39903,2020-03-07T13:56:30Z,HRV,poppa,511,Most,Most nezavisnih lista,Bridge of Independent Lists,2018,2018,NA,NA,NA,NA,2020-03-05T19:25:45Z,2021-03-12T10:16:17Z,36655,2020-03-05T19:25:45Z
HRV,manifesto,81220,SDP,Socijaldemokratska partija Hrvatska,Social Democratic Party of Croatia,1990,2007,31.2,2007,NA,NA,2013-01-01T18:16:21Z,2023-06-05T10:39:47Z,1430,1475,2014-06-27T20:04:12Z,HRV,vparty,1475,SDP,NA,Social Democratic Party of Croatia,1992,2016,40.4,2011,NA,NA,2020-03-07T13:55:05Z,2021-03-12T10:14:35Z,37630,2020-03-07T13:55:05Z,HRV,poppa,503,SDP,Socijaldemokratska partija Hrvatske,Social Democratic Party of Croatia,2018,2018,NA,NA,NA,NA,2020-03-05T19:25:46Z,2021-03-12T10:16:17Z,36679,2020-03-05T19:25:46Z
HRV,manifesto,81960,NA,Živi zid,Human Shield,2015,2015,4,2015,NA,NA,2017-03-13T21:05:02Z,2023-06-05T10:39:59Z,18699,4867,2017-06-18T06:31:46Z,HRV,vparty,7898,HS,NA,Human Shield,2016,2016,NA,2016,NA,NA,2020-03-07T13:56:09Z,2021-03-12T10:14:35Z,39312,2020-11-19T15:36:06Z,HRV,poppa,508,ŽZ,Živi zid,Human Shield,2018,2018,NA,NA,NA,NA,2020-03-05T19:25:56Z,2021-03-12T10:16:17Z,36788,2020-03-05T19:25:56Z
CYP,manifesto,55321,AKEL,Anorthotikó Kómma Ergazómenou Laóu,Progressive Party of the Working People,1996,2016,35.2,2001,NA,NA,2013-01-01T18:18:34Z,2023-06-05T10:39:51Z,2053,1076,2013-01-01T18:33:52Z,CYP,vparty,1076,AKEL,NA,Progressive Party of Working People,1960,2016,35,1960,NA,NA,2020-03-07T13:55:19Z,2021-03-12T10:14:35Z,37966,2020-03-07T13:55:19Z,CYP,poppa,602,AKEL,Ανορθωτικό Κόμμα Εργαζόμενου Λαού,Progressive Party of Working People,2018,2018,NA,NA,NA,NA,2020-03-05T19:25:58Z,2021-03-12T10:16:17Z,36815,2020-03-05T19:25:58Z
CYP,manifesto,55422,DiKo,Dimokratikó Kómma,Democratic Party,1996,2016,17.9,2006,NA,NA,2013-01-01T18:16:22Z,2023-06-05T10:39:56Z,1434,635,2013-01-01T18:33:52Z,CYP,vparty,635,DIKO,NA,Democratic Party,1976,2016,60,1976,NA,NA,2020-03-07T13:56:34Z,2021-03-12T10:14:35Z,40031,2020-03-07T13:56:34Z,CYP,poppa,603,DIKO,Δημοκρατικό Κόμμα,Democratic Party,2018,2018,NA,NA,NA,NA,2020-03-05T19:25:54Z,2021-03-12T10:16:17Z,36772,2020-03-05T19:25:54Z
CYP,manifesto,55711,DISY,Dimokratikós Synagermós,Democratic Coalition,1996,2016,34.5,2001,NA,NA,2013-01-01T18:17:10Z,2023-06-05T10:39:47Z,1652,563,2013-01-01T18:33:53Z,CYP,vparty,563,DISY,NA,Democratic Rally,1976,2016,35.8,1991,NA,NA,2020-03-07T13:55:26Z,2021-03-12T10:14:35Z,38139,2020-03-07T13:55:26Z,CYP,poppa,601,DISY,Δημοκρατικός Συναγερμός,Democratic Rally,2018,2018,NA,NA,NA,NA,2020-03-05T19:25:47Z,2021-03-12T10:16:17Z,36696,2020-03-05T19:25:47Z
CYP,manifesto,55610,KA,Kinima Allileggiis,Solidarity Movement,2016,2016,5.2,2016,NA,NA,2018-08-02T13:23:07Z,2023-06-05T10:39:44Z,25073,4883,2018-08-02T13:23:07Z,CYP,vparty,4883,KINHMA,NA,Solidarity Movement,2016,2016,5.2,2016,NA,NA,2020-03-07T13:55:51Z,2021-03-12T10:14:35Z,38807,2020-03-07T13:55:51Z,CYP,poppa,606,KA,Κίνημα Αλληλεγγύη,Solidarity Movement,2018,2018,NA,NA,NA,NA,2020-03-05T19:25:53Z,2021-03-12T10:16:17Z,36764,2020-03-05T19:25:53Z
CYP,manifesto,55322,EDEK,Kinima Sosialdimokraton,Social Democrats' Movement,1996,2016,8.9,2011,NA,NA,2013-01-01T18:17:35Z,2023-06-05T10:39:46Z,1768,1028,2022-05-26T10:13:22Z,CYP,vparty,1028,EDEK,NA,Movement for Social Democracy EDEK,1970,2016,11.4,1976,NA,NA,2020-03-07T13:55:32Z,2021-03-12T10:14:35Z,38311,2020-03-07T13:55:32Z,CYP,poppa,604,EDEK,Κινήμα Σοσιαλδημοκρατών,Movement for Social Democracy,2018,2018,NA,NA,NA,NA,2020-03-05T19:25:53Z,2021-03-12T10:16:17Z,36757,2020-03-05T19:25:53Z
CYP,manifesto,55340,SYPOL,Simmachía Politón,Citizens' Alliance,2016,2016,6,2016,NA,NA,2018-08-02T13:23:02Z,2023-06-05T10:39:42Z,25057,3117,2018-08-02T13:24:29Z,CYP,vparty,3117,SYM,NA,Citizen's Alliance,2016,2016,6,2016,NA,NA,2020-03-07T13:54:59Z,2021-03-12T10:14:35Z,37474,2020-03-07T13:54:59Z,CYP,poppa,605,SYPOL,Κινήμα Σοσιαλδημοκρατών,Citizen's Alliance,2018,2018,NA,NA,NA,NA,2020-03-05T19:25:53Z,2021-03-12T10:16:17Z,36753,2020-03-05T19:25:53Z
CZE,manifesto,82430,ANO,ANO 2011,ANO 2011,2013,2017,29.6,2017,NA,NA,2015-11-17T11:43:35Z,2023-06-05T10:39:48Z,15482,2141,2015-11-17T11:48:52Z,CZE,vparty,2141,ANO,NA,Action of Dissatisfied Citizens,2013,2017,29.6,2017,NA,NA,2020-03-07T13:55:23Z,2021-03-12T10:14:35Z,38044,2020-03-07T13:55:23Z,CZE,poppa,702,ANO,ANO 2011,YES 2011,2018,2018,NA,NA,NA,NA,2020-03-05T19:25:46Z,2021-03-12T10:16:17Z,36683,2020-03-05T19:25:46Z
CZE,manifesto,82953,Piráti,Česká pirátská strana,Czech Pirate Party,2017,2017,10.8,2017,NA,NA,2019-01-22T16:59:35Z,2023-06-05T10:39:57Z,29043,2047,2019-01-22T16:59:36Z,CZE,vparty,2047,Pi,NA,Czech Pirate Party,2017,2017,10.8,2017,NA,NA,2020-03-07T13:56:25Z,2021-03-12T10:14:35Z,39748,2020-03-07T13:56:25Z,CZE,poppa,708,Piráti,Česká pirátská strana,Czech Pirate Party,2018,2018,NA,NA,NA,NA,2020-03-05T19:25:47Z,2021-03-12T10:16:17Z,36689,2020-03-05T19:25:47Z
CZE,manifesto,82320,ČSSD,Česká strana sociálně demokratická,Czech Social Democratic Party,1992,2017,32.3,2006,NA,NA,2013-01-01T18:17:34Z,2023-06-05T10:39:53Z,1765,177,2013-01-01T18:33:55Z,CZE,vparty,177,CSSD,NA,Czech Social Democratic Party,1992,2017,32.3,1998,NA,NA,2020-03-07T13:55:07Z,2021-03-12T10:14:35Z,37699,2020-03-07T13:55:08Z,CZE,poppa,701,ČSSD,Česká strana sociálně demokratická,Czech Social Democratic Party,2018,2018,NA,NA,NA,NA,2020-03-05T19:26:02Z,2021-03-12T10:16:17Z,36877,2020-03-05T19:26:02Z
CZE,manifesto,82220,KSČM,Komunistická strana Čzech a Moravy,Communist Party of Bohemia and Moravia,1990,2017,18.5,2002,NA,NA,2013-01-01T18:17:56Z,2023-06-05T10:39:52Z,1871,1728,2013-01-01T18:33:56Z,CZE,vparty,1728,KSCM,NA,Communist Party of Bohemia and Moravia,1992,2017,18.5,2002,NA,NA,2020-03-07T13:55:52Z,2021-03-12T10:14:35Z,38840,2020-03-07T13:55:52Z,CZE,poppa,703,KSČM,Komunistická strana Čech a Moravy,Communist  Party  of  Bohemia  and Moravia,2018,2018,NA,NA,NA,NA,2020-03-05T19:25:53Z,2021-03-12T10:16:17Z,36750,2020-03-05T19:25:53Z
CZE,manifesto,82529,KDU,Křest'anská a demokratická unie,Christian and Democratic Union,1990,1990,8.4,1990,NA,composed of: KDS Krestanskodemokraticka strana (Christian Democratic Party) KDH K est’anskodemokratické Hnuti (Christian and Democratic Movement) PA Podnikatelské Asociace (Association of Entrepreneurs) ZS Zemédélská Strana (Farmers’ Party),2013-01-01T18:17:45Z,2023-06-05T10:39:39Z,1817,676,2016-09-12T06:42:32Z,CZE,vparty,676,KDU/CSL,NA,Christian Democratic Union / People's Party,1990,2017,11,2002,NA,NA,2020-03-07T13:56:23Z,2021-03-12T10:14:35Z,39691,2020-03-07T13:56:23Z,CZE,poppa,705,KDU-ČSL,Křesťanská   a   demokratická   unie   – Československá strana lidová,Christian and Democratic Union - Czechoslovak People's Party,2018,2018,NA,NA,NA,NA,2020-03-05T19:25:53Z,2021-03-12T10:16:17Z,36768,2020-03-05T19:25:54Z
CZE,manifesto,82523,KDU-ČSL,Křest'anská a demokratická unie - Česká strana lidová,Christian and Democratic Union - Czech People's Party,1992,2017,9,1998,NA,NA,2013-01-01T18:16:15Z,2023-06-05T10:39:49Z,1404,676,2013-01-01T18:33:54Z,CZE,vparty,676,KDU/CSL,NA,Christian Democratic Union / People's Party,1990,2017,11,2002,NA,NA,2020-03-07T13:56:23Z,2021-03-12T10:14:35Z,39691,2020-03-07T13:56:23Z,CZE,poppa,705,KDU-ČSL,Křesťanská   a   demokratická   unie   – Československá strana lidová,Christian and Democratic Union - Czechoslovak People's Party,2018,2018,NA,NA,NA,NA,2020-03-05T19:25:53Z,2021-03-12T10:16:17Z,36768,2020-03-05T19:25:54Z
CZE,manifesto,82413,ODS,Občanská demokratická strana,Civic Democratic Party,1992,2017,35.4,2006,NA,NA,2013-01-01T18:17:53Z,2023-06-05T10:39:48Z,1857,466,2013-01-01T18:33:58Z,CZE,vparty,466,ODS,NA,Civic Democratic Party,1992,2017,35.4,2006,NA,NA,2020-03-07T13:55:28Z,2021-03-12T10:14:35Z,38216,2020-03-07T13:55:28Z,CZE,poppa,710,ODS,Občanská demokratická strana,Civic Democratic Party,2018,2018,NA,NA,NA,NA,2020-03-05T19:26:02Z,2021-03-12T10:16:17Z,36872,2020-03-05T19:26:02Z
CZE,manifesto,82610,STAN,Starostové a nezávislí,Mayors and Independents,2017,2017,5.2,2017,NA,NA,2019-01-22T16:59:40Z,2023-06-05T10:39:47Z,29046,1707,2019-01-22T17:10:26Z,CZE,vparty,1707,SN-VA,NA,Mayors and Independents -- Your Option,2017,2017,5.2,2017,NA,NA,2020-03-07T13:55:36Z,2021-03-12T10:14:35Z,38410,2020-03-07T13:55:36Z,CZE,poppa,707,STAN,Starostové a nezávislí,Mayors and Independents,2018,2018,NA,NA,NA,NA,2020-03-05T19:25:45Z,2021-03-12T10:16:17Z,36663,2020-03-05T19:25:45Z
CZE,manifesto,82110,SZ,Strana zelených,Green Party,2006,2013,6.3,2006,NA,NA,2014-02-08T21:29:09Z,2023-06-05T10:39:39Z,3595,1554,2014-02-08T22:27:49Z,CZE,vparty,1554,SZ,NA,Green Party,2006,2006,6.3,2006,NA,NA,2020-03-07T13:56:13Z,2021-03-12T10:14:35Z,39399,2020-03-07T13:56:13Z,CZE,poppa,709,SZ,Strana zelených,Green Party,2018,2018,NA,NA,NA,NA,2020-03-05T19:25:51Z,2021-03-12T10:16:17Z,36731,2020-03-05T19:25:51Z
CZE,manifesto,82721,SPD,Svoboda a přímá demokracie,Freedom and Direct Democracy,2017,2017,10.6,2017,NA,NA,2019-01-22T16:59:48Z,2023-06-05T10:39:43Z,29057,6125,2019-01-22T16:59:48Z,CZE,vparty,6125,SPD,NA,Freedom and Direct Democracy Tomio Okamura,2017,2017,10.6,2017,NA,NA,2020-03-07T13:56:04Z,2021-03-12T10:14:35Z,39168,2020-03-07T13:56:04Z,CZE,poppa,706,SPD,Svoboda  a  přímá  demokracie    –  Tomio Okamura,Freedom and Direct Democracy – Tomio Okamura,2018,2018,NA,NA,NA,NA,2020-03-05T19:26:01Z,2021-03-12T10:16:17Z,36858,2020-03-05T19:26:01Z
CZE,manifesto,82530,TOP09,Tradice Odpovědnost Prosperita 09,"Tradition, Responsibility, Prosperity 09",2010,2017,16.7,2010,NA,NA,2014-02-08T21:29:21Z,2023-06-05T10:39:51Z,3773,223,2014-02-08T22:27:19Z,CZE,vparty,223,TOP09,NA,Tradition Responsibility Prosperity 09,2010,2017,16.7,2010,NA,NA,2020-03-07T13:56:36Z,2021-03-12T10:14:35Z,40066,2020-03-07T13:56:36Z,CZE,poppa,704,TOP 09,TOP 09,TOP 09,2018,2018,NA,NA,NA,NA,2020-03-05T19:25:46Z,2021-03-12T10:16:17Z,36684,2020-03-05T19:25:46Z
DNK,manifesto,13720,DF,Dansk Folkeparti,Danish People’s Party,1998,2019,21.1,2015,NA,NA,2013-01-01T18:16:55Z,2023-06-05T10:39:43Z,1583,1022,2013-01-01T18:34:08Z,DNK,vparty,1022,DF,NA,Danish Peoples Party,1998,2019,20.6,2015,NA,NA,2020-03-07T13:55:04Z,2021-03-12T10:14:35Z,37589,2020-03-07T13:55:04Z,DNK,poppa,802,DF,Dansk Folkeparti,Danish People's Party,2018,2018,NA,NA,NA,NA,2020-03-05T19:25:54Z,2021-03-12T10:16:17Z,36770,2020-03-05T19:25:54Z
DNK,manifesto,13410,RV,Det Radikale Venstre,Danish Social-Liberal Party,1945,2019,15,1968,NA,NA,2013-01-01T18:18:27Z,2023-06-05T10:39:45Z,2019,1507,2013-01-01T18:34:08Z,DNK,vparty,1507,RV,NA,Danish Social-Liberal Party / Radical Liberal Party,1906,2019,27.2,1915,NA,NA,2020-03-07T13:56:02Z,2021-03-12T10:14:35Z,39117,2020-03-07T13:56:02Z,DNK,poppa,807,RV,Det Radikale Venstre,Danish Social Liberal Party,2018,2018,NA,NA,NA,NA,2020-03-05T19:25:46Z,2021-03-12T10:16:17Z,36672,2020-03-05T19:25:46Z
DNK,manifesto,13229,EL,Enhedslisten - De Rød-Grønne,Red-Green Unity List,1994,2019,7.8,2015,NA,"composed of: Valforbund Enhedslisten: De Grønne, Solidarisk Alternativ, Invendrerlisten, Christianialisten, Arbeidsløshedsparteit, Kærlighedspartiet, Miljøparti",2013-01-01T18:17:31Z,2023-06-05T10:39:57Z,1750,1527,2013-01-01T18:34:09Z,DNK,vparty,1527,Enh,NA,Red-Green Alliance,2011,2019,7.6,2015,NA,NA,2020-03-07T13:55:01Z,2021-03-12T10:14:35Z,37519,2020-03-07T13:55:01Z,DNK,poppa,804,EL,Enhedslisten,Red-Green Alliance,2018,2018,NA,NA,NA,NA,2020-03-05T19:25:46Z,2021-03-12T10:16:17Z,36676,2020-03-05T19:25:46Z
DNK,manifesto,13620,KF,Konservative Folkeparti,Conservative People’s Party,1945,2019,23.4,1984,NA,NA,2013-01-01T18:16:20Z,2023-06-05T10:40:01Z,1422,536,2013-01-01T18:34:10Z,DNK,vparty,536,KF,NA,Conservative People's Party,1901,2019,24,1901,NA,NA,2020-03-07T13:55:58Z,2021-03-12T10:14:35Z,38991,2020-03-07T13:55:58Z,DNK,poppa,809,KF,Det Konservative Folkeparti,Conservative People's Party,2018,2018,NA,NA,NA,NA,2020-03-05T19:25:57Z,2021-03-12T10:16:17Z,36796,2020-03-05T19:25:57Z
DNK,manifesto,13001,NY,Liberal Alliance,Liberal Alliance,2007,2019,7.5,2015,NA,NA,2014-02-08T21:29:19Z,2023-06-05T10:39:41Z,3752,212,2014-02-09T13:27:38Z,DNK,vparty,212,LA,NA,[New] Liberal Alliance,2015,2015,7.4,2015,NA,NA,2020-03-07T13:56:05Z,2021-03-12T10:14:35Z,39216,2020-03-07T13:56:05Z,DNK,poppa,805,LA,Liberal Alliance,Liberal Alliance,2018,2018,NA,NA,NA,NA,2020-03-05T19:25:52Z,2021-03-12T10:16:17Z,36741,2020-03-05T19:25:52Z
DNK,manifesto,13320,SD,Socialdemokratiet,Social Democratic Party,1945,2019,42.1,1960,NA,NA,2013-01-01T18:17:49Z,2023-06-05T10:39:57Z,1839,379,2013-01-01T18:34:12Z,DNK,vparty,379,SD,NA,Social Democrats,1901,2019,46.1,1935,NA,NA,2020-03-07T13:56:07Z,2021-03-12T10:14:35Z,39254,2020-03-07T13:56:07Z,DNK,poppa,801,SD,Socialdemokraterne,Social Democrats,2018,2018,NA,NA,NA,NA,2020-03-05T19:25:57Z,2021-03-12T10:16:17Z,36804,2020-03-05T19:25:57Z
DNK,manifesto,13230,SF,Socialistisk Folkeparti,Socialist People’s Party,1960,2019,14.6,1987,NA,NA,2013-01-01T18:17:04Z,2023-06-05T10:39:48Z,1625,329,2013-01-01T18:34:12Z,DNK,vparty,329,SF,NA,Socialist Peoples Party,1960,2019,14.6,1987,NA,NA,2020-03-07T13:55:01Z,2021-03-12T10:14:35Z,37522,2020-03-07T13:55:01Z,DNK,poppa,808,SF,Socialistisk Folkeparti,Socialist Peoples Party,2018,2018,NA,NA,NA,NA,2020-03-05T19:26:03Z,2021-03-12T10:16:17Z,36893,2020-03-05T19:26:03Z
DNK,manifesto,13420,V,Venstre,Liberals,1945,2019,31.2,2001,NA,NA,2013-01-01T18:16:33Z,2023-06-05T10:40:03Z,1482,1204,2013-01-01T18:34:12Z,DNK,vparty,1204,V,NA,Liberal Party,1901,2019,47.1,1903,NA,NA,2020-03-07T13:56:17Z,2021-03-12T10:14:35Z,39512,2020-03-07T13:56:17Z,DNK,poppa,803,V,"Venstre, Danmarks liberale parti",Venstre - Liberal Party of Denmark,2018,2018,NA,NA,NA,NA,2020-03-05T19:25:58Z,2021-03-12T10:16:17Z,36810,2020-03-05T19:25:58Z
EST,manifesto,83411,K,Eesti Keskerakond,Estonian Center Party,1995,2019,26.1,2007,NA,NA,2013-01-01T18:18:27Z,2023-06-05T10:39:56Z,2020,533,2013-01-01T18:34:20Z,EST,vparty,533,EK,NA,Estonian Centre Party,1995,2019,26.1,2007,NA,NA,2020-03-07T13:55:41Z,2021-03-12T10:14:35Z,38567,2020-03-07T13:55:41Z,EST,poppa,902,K,Eesti Keskerakond,Estonian Centre Party,2018,2018,NA,NA,NA,NA,2020-03-05T19:25:51Z,2021-03-12T10:16:17Z,36725,2020-03-05T19:25:51Z
EST,manifesto,83430,ER,Eesti Reformierakond,Estonian Reform Party,1995,2019,28.9,2019,NA,NA,2013-01-01T18:17:22Z,2023-06-05T10:39:49Z,1707,821,2013-01-01T18:34:23Z,EST,vparty,821,ERe,NA,Estonian Reform Party,1995,2019,28.9,2019,NA,NA,2020-03-07T13:56:48Z,2021-03-12T10:14:35Z,40354,2020-03-07T13:56:48Z,EST,poppa,901,Ref,Eesti Reformierakond,Estonian Reform Party,2018,2018,NA,NA,NA,NA,2020-03-05T19:25:46Z,2021-03-12T10:16:17Z,36670,2020-03-05T19:25:46Z
EST,manifesto,83440,EVA,Eesti Vabaerakond,Free Party,2015,2015,8.7,2015,NA,NA,2017-03-13T21:05:00Z,2023-06-05T10:39:39Z,18683,3271,2017-03-13T21:07:20Z,EST,vparty,3271,EV,NA,Free Party,2015,2015,8.7,2015,NA,NA,2020-03-07T13:55:22Z,2021-03-12T10:14:36Z,38039,2020-03-07T13:55:22Z,EST,poppa,905,EVA,Eesti Vabaerakond,Free Party,2018,2018,NA,NA,NA,NA,2020-03-05T19:25:58Z,2021-03-12T10:16:17Z,36812,2020-03-05T19:25:58Z
EST,manifesto,83110,EER,Erakond Eestimaa Rohelise,Estonian Greens,2007,2011,7.1,2007,NA,NA,2014-02-08T21:29:21Z,2023-06-05T10:39:39Z,3780,1040,2014-02-09T15:38:45Z,EST,vparty,1040,EER,NA,Estonian Greens,2007,2007,7.1,2007,NA,NA,2020-03-07T13:56:02Z,2021-03-12T10:14:35Z,39112,2020-03-07T13:56:02Z,EST,poppa,907,EER,Erakond Eestimaa Rohelised,Estonian Greens,2018,2018,NA,NA,NA,NA,2020-03-05T19:25:45Z,2021-03-12T10:16:17Z,36659,2020-03-05T19:25:45Z
EST,manifesto,83611,RP,Isamaa,Pro Patria,2003,2019,24.6,2003,NA,NA,2013-01-01T18:17:13Z,2023-06-05T10:39:46Z,1666,685,2018-09-13T10:48:51Z,EST,vparty,685,IRL,NA,Union of Pro Patria and Res Publica,2007,2015,20.5,2011,NA,NA,2020-03-07T13:55:32Z,2021-03-12T10:14:36Z,38332,2020-03-07T13:55:33Z,EST,poppa,904,IRL,Isamaa ja Res Publica Liit,Union of Pro Patria and Res Publica,2018,2018,NA,NA,NA,NA,2020-03-05T19:25:50Z,2021-03-12T10:16:17Z,36721,2020-03-05T19:25:50Z
EST,manifesto,83410,SDE,Sotsiaaldemokraatlik Erakond,Social Democratic Party,1992,2019,17.1,2011,NA,composed of: ESDP Eesti Sotsiaaldemokraatlik Partei (Social Democratic Party) EMK Eesti Maa-Keskerakond (Rural Centre Party),2013-01-01T18:17:48Z,2023-06-05T10:39:55Z,1834,1150,2013-01-01T18:34:26Z,EST,vparty,1150,SDE-M,NA,Social Democratic Party -- Moderates,1992,2019,17.1,2011,NA,NA,2020-03-07T13:55:29Z,2021-03-12T10:14:36Z,38227,2020-03-07T13:55:29Z,EST,poppa,903,SDE,Sotsiaaldemokraatlik Erakond,Social Democratic Party,2018,2018,NA,NA,NA,NA,2020-03-05T19:26:00Z,2021-03-12T10:16:17Z,36851,2020-03-05T19:26:01Z
FIN,manifesto,14620,KK,Kansallinen Kokoomus,National Coalition,1945,2019,23.1,1987,NA,NA,2013-01-01T18:18:01Z,2023-06-05T10:40:01Z,1896,495,2015-07-28T10:02:48Z,FIN,vparty,495,KOK,NA,National Coalition Party,1919,2019,23.1,1987,NA,NA,2020-03-07T13:55:06Z,2021-03-12T10:14:36Z,37648,2020-03-07T13:55:06Z,FIN,poppa,1003,KOK,Kansallinen kokoomus / Samlingspartiet,National Coalition Party,2018,2018,NA,NA,NA,NA,2020-03-05T19:25:48Z,2021-03-12T10:16:17Z,36706,2020-03-05T19:25:48Z
FIN,manifesto,14820,PS,Perussuomalaiset,True Finns,1966,2019,19.1,2011,NA,NA,2013-01-01T18:17:37Z,2023-06-05T10:39:49Z,1781,1689,2013-01-01T18:34:31Z,FIN,vparty,7547,PS,NA,Finns Party,2019,2019,17.5,2019,NA,NA,2020-03-07T13:56:18Z,2021-03-12T10:14:36Z,39543,2020-06-11T19:40:13Z,FIN,poppa,1002,PS,Perussuomalaiset / Sannfinländarna,Finns Party,2018,2018,NA,NA,NA,NA,2020-03-05T19:25:46Z,2021-03-12T10:16:17Z,36685,2020-03-05T19:25:47Z
FIN,manifesto,14820,PS,Perussuomalaiset,True Finns,1966,2019,19.1,2011,NA,NA,2013-01-01T18:17:37Z,2023-06-05T10:39:49Z,1781,1689,2013-01-01T18:34:31Z,FIN,vparty,1689,SP / P,NA,Finnish Party / True Finns,2011,2015,19.1,2011,NA,NA,2020-03-07T13:56:47Z,2021-03-12T10:14:36Z,40322,2020-03-07T13:56:47Z,FIN,poppa,1002,PS,Perussuomalaiset / Sannfinländarna,Finns Party,2018,2018,NA,NA,NA,NA,2020-03-05T19:25:46Z,2021-03-12T10:16:17Z,36685,2020-03-05T19:25:47Z
FIN,manifesto,14901,RKP/SFP,Ruotsalainen Kansanpuolue/Svenska Folkpartiet,Swedish People’s Party,1945,2019,8.4,1945,NA,NA,2013-01-01T18:17:52Z,2023-06-05T10:39:41Z,1854,1229,2013-01-01T18:34:30Z,FIN,vparty,1229,RKP,NA,Swedish People's Party,1907,1999,13.5,1910,NA,NA,2020-03-07T13:55:06Z,2021-03-12T10:14:36Z,37653,2020-03-07T13:55:06Z,FIN,poppa,1008,SFP-RKP,Svenska    folkpartiet    /    Ruotsalainen kansanpuolue,Swedish People's Party,2018,2018,NA,NA,NA,NA,2020-03-05T19:25:57Z,2021-03-12T10:16:17Z,36795,2020-03-05T19:25:57Z
FIN,manifesto,14221,SKDL,Suomen Kansan Demokraattinen Liitto,Finnish People’s Democratic Union,1945,1987,23.5,1945,NA,NA,2013-01-01T18:16:38Z,2023-06-05T10:39:40Z,1504,1096,2013-01-01T18:34:30Z,FIN,vparty,1096,SKDL,NA,Finish People's Democratic Union,1922,2015,23.5,1945,NA,NA,2020-03-07T13:56:13Z,2021-03-12T10:14:36Z,39406,2020-03-07T13:56:13Z,FIN,poppa,1006,VAS,Vasemmistoliitto / Vänsterförbundet,Left Alliance,2018,2018,NA,NA,NA,NA,2020-03-05T19:25:53Z,2021-03-12T10:16:17Z,36761,2020-03-05T19:25:53Z
FIN,manifesto,14810,SK,Suomen Keskusta,Finnish Centre,1945,2019,24.8,1991,NA,NA,2013-01-01T18:18:21Z,2023-06-05T10:39:50Z,1993,901,2013-01-01T18:34:29Z,FIN,vparty,901,KESK,NA,Agrarian Union / Centre Party,1907,2019,27.3,1930,NA,NA,2020-03-07T13:55:31Z,2021-03-12T10:14:36Z,38292,2020-03-07T13:55:31Z,FIN,poppa,1001,KESK,Keskusta Centern,Finnish Centre,2018,2018,NA,NA,NA,NA,2020-03-05T19:25:47Z,2021-03-12T10:16:17Z,36688,2020-03-05T19:25:47Z
FIN,manifesto,14520,KD,Suomen Kristillisdemokraatit,Christian Democrats in Finland,1970,2019,5.3,2003,NA,NA,2013-01-01T18:16:49Z,2023-06-05T10:39:41Z,1559,703,2013-01-01T18:34:30Z,FIN,vparty,703,KD,NA,Christian Democrats / League,2003,2003,5.3,2003,NA,NA,2020-03-07T13:56:27Z,2021-03-12T10:14:36Z,39803,2020-03-07T13:56:27Z,FIN,poppa,1007,KD,Kristillisdemokraatit / Kristdemokraterna,Christian Democrats,2018,2018,NA,NA,NA,NA,2020-03-05T19:25:55Z,2021-03-12T10:16:17Z,36779,2020-03-05T19:25:55Z
FIN,manifesto,14320,SSDP,Suomen Sosialidemokraattinen Puolue,Finnish Social Democrats,1945,2019,28.3,1995,NA,NA,2013-01-01T18:16:56Z,2023-06-05T10:39:41Z,1589,1303,2013-01-01T18:34:31Z,FIN,vparty,1303,SSDP,NA,Social Democratic Party of Finland,1907,2019,47.3,1916,NA,NA,2020-03-07T13:55:27Z,2021-03-12T10:14:36Z,38160,2020-03-07T13:55:27Z,FIN,poppa,1004,SDP,Sosialidemokraattinen       puolue       / Socialdemokratiska parti,Social Democratic Party of Finland,2018,2018,NA,NA,NA,NA,2020-03-05T19:25:46Z,2021-03-12T10:16:17Z,36673,2020-03-05T19:25:46Z
FIN,manifesto,14110,VL,Vihreä Liitto,Green Union,1983,2019,11.5,2019,NA,NA,2013-01-01T18:17:20Z,2023-06-05T10:40:03Z,1700,479,2013-01-01T18:34:32Z,FIN,vparty,479,VIHR,NA,Green League,1991,2019,11.5,2019,NA,NA,2020-03-07T13:54:58Z,2021-03-12T10:14:36Z,37425,2020-03-07T13:54:58Z,FIN,poppa,1005,VIHR,Vihreä liitto / Gröna förbundet,Green League,2018,2018,NA,NA,NA,NA,2020-03-05T19:25:48Z,2021-03-12T10:16:17Z,36704,2020-03-05T19:25:48Z
FRA,manifesto,31110,EÉLV,Europe Écologie Les Verts,Europe Ecology - The Greens,1993,2017,7.8,1993,NA,in 1997: Les Verts,2013-01-01T18:17:52Z,2023-06-05T10:40:01Z,1850,1108,2013-01-01T18:34:39Z,FRA,vparty,1108,V,NA,Greens,1993,2012,7.6,1993,NA,NA,2020-03-07T13:56:14Z,2021-03-12T10:14:36Z,39428,2020-03-07T13:56:14Z,FRA,poppa,1102,EELV,Europe Écologie Les Verts,Greens,2018,2018,NA,NA,NA,NA,2020-03-05T19:25:56Z,2021-03-12T10:16:17Z,36787,2020-03-05T19:25:56Z
FRA,manifesto,31720,FN,Front National,National Front,1986,2017,14.9,1997,NA,NA,2013-01-01T18:17:06Z,2023-06-05T10:39:49Z,1634,433,2013-01-01T18:34:34Z,FRA,vparty,433,FN,NA,National Front,1986,2017,14.9,1997,NA,NA,2020-03-07T13:56:27Z,2021-03-12T10:14:36Z,39807,2020-03-07T13:56:27Z,FRA,poppa,1106,FN,Front National / Rassemblement National,National Front / National Rally,2018,2018,NA,NA,NA,NA,2020-03-05T19:26:03Z,2021-03-12T10:16:17Z,36889,2020-03-05T19:26:03Z
FRA,manifesto,31240,NA,La France insoumise,Indomitable France,2017,2017,11,2017,NA,NA,2018-08-02T13:23:09Z,2023-06-05T10:39:58Z,25077,5858,2018-08-02T13:24:38Z,FRA,vparty,5858,FI,NA,Unbowed France,2017,2017,11,2017,NA,NA,2020-03-07T13:56:47Z,2021-03-12T10:14:36Z,40329,2020-03-07T13:56:47Z,FRA,poppa,1110,LFI,La France insoumise,Unbowed France,2018,2018,NA,NA,NA,NA,2020-03-05T19:25:59Z,2021-03-12T10:16:17Z,36836,2020-03-05T19:25:59Z
FRA,manifesto,31624,MoDem,Mouvement Démocrate,Democratic Movement,1978,2017,22,1978,NA,NA,2013-01-01T18:18:17Z,2023-06-05T10:39:39Z,1971,213,2013-01-01T18:34:38Z,FRA,vparty,213,UDF,NA,Union for French Democracy,1978,2017,21.6,1978,NA,NA,2020-03-07T13:55:03Z,2021-03-12T10:14:36Z,37561,2020-03-07T13:55:03Z,FRA,poppa,1105,MoDem,Mouvement démocrate,Democratic Movement,2018,2018,NA,NA,NA,NA,2020-03-05T19:26:01Z,2021-03-12T10:16:17Z,36853,2020-03-05T19:26:01Z
FRA,manifesto,31220,PCF,Parti Communiste Français,French Communist Party,1946,2017,28.6,1946,NA,NA,2013-01-01T18:17:53Z,2023-06-05T10:39:50Z,1855,1251,2013-01-01T18:34:36Z,FRA,vparty,1251,PCF,NA,French Communist Party,1924,2012,28.6,1946,NA,NA,2020-03-07T13:56:51Z,2021-03-12T10:14:36Z,40431,2020-03-07T13:56:51Z,FRA,poppa,1103,PCF,Parti communiste français,French Communist Party,2018,2018,NA,NA,NA,NA,2020-03-05T19:25:57Z,2021-03-12T10:16:17Z,36807,2020-03-05T19:25:58Z
FRA,manifesto,31421,PR,Parti Radical,Radical Party,1946,2012,15,1956,NA,NA,2013-01-01T18:17:09Z,2023-06-05T10:39:39Z,1648,14,2013-01-01T18:34:37Z,FRA,vparty,14,PR,NA,Radical [Socialist] Party,1902,1962,28.5,1906,NA,NA,2020-03-07T13:55:05Z,2021-03-12T10:14:36Z,37619,2020-03-07T13:55:05Z,FRA,poppa,1104,Rad,Mouvement radical,Radical  Movement  (Radical  Party  & Radical Party of the Left),2018,2018,NA,NA,NA,NA,2020-03-05T19:25:47Z,2021-03-12T10:16:17Z,36694,2020-03-05T19:25:47Z
FRA,manifesto,31320,PS,Parti Socialiste,Socialist Party,1946,2017,36.6,1981,NA,NA,2013-01-01T18:18:17Z,2023-06-05T10:40:00Z,1974,1478,2013-01-01T18:34:38Z,FRA,vparty,1478,PS,NA,Socialist Party,1902,2017,36,1981,NA,NA,2020-03-07T13:56:16Z,2021-03-12T10:14:36Z,39488,2020-03-07T13:56:16Z,FRA,poppa,1101,PS,Parti socialiste,Socialist Party,2018,2018,NA,NA,NA,NA,2020-03-05T19:25:51Z,2021-03-12T10:16:17Z,36733,2020-03-05T19:25:52Z
FRA,manifesto,31425,NA,Renaissance,Renaissance,2017,2017,28.2,2017,NA,NA,2018-08-02T13:22:56Z,2023-06-05T10:39:43Z,25028,5857,2018-08-02T13:22:56Z,FRA,vparty,5857,LaREM,NA,The Republic Onwards!,2017,2017,28.2,2017,NA,NA,2020-03-07T13:56:46Z,2021-03-12T10:14:36Z,40295,2020-03-07T13:56:46Z,FRA,poppa,1107,LaREM,La République En Marche!,The Republic Onwards!,2018,2018,NA,NA,NA,NA,2020-03-05T19:25:45Z,2021-03-12T10:16:17Z,36668,2020-03-05T19:25:45Z
DEU,manifesto,41953,AfD,Alternative für Deutschland,Alternative for Germany,2013,2021,12.6,2017,NA,NA,2014-02-08T21:29:08Z,2023-06-05T10:39:39Z,3577,1976,2014-02-09T22:03:38Z,DEU,vparty,1976,AfD,NA,Alternative for Germany,2013,2017,12.6,2017,NA,NA,2020-03-07T13:55:30Z,2021-03-12T10:14:36Z,38261,2020-03-07T13:55:30Z,DEU,poppa,1205,AfD,Alternative für Deutschland,Alternative for Germany,2018,2018,NA,NA,NA,NA,2020-03-05T19:25:53Z,2021-03-12T10:16:17Z,36763,2020-03-05T19:25:53Z
DEU,manifesto,41113,90/Greens,Bündnis‘90/Die Grünen,Alliance‘90/Greens,1994,2021,14.8,2021,NA,NA,2013-01-01T18:18:28Z,2023-06-05T10:40:02Z,2026,1816,2013-01-01T18:34:00Z,DEU,vparty,1816,B90/Grue,NA,Alliance 90 / Greens,1994,2017,10.7,2009,NA,NA,2020-03-07T13:56:02Z,2021-03-12T10:14:36Z,39100,2020-03-07T13:56:02Z,DEU,poppa,1206,B90/Grüne,Bündnis 90/Die Grünen,Alliance 90/Greens,2018,2018,NA,NA,NA,NA,2020-03-05T19:25:50Z,2021-03-12T10:16:17Z,36723,2020-03-05T19:25:51Z
DEU,manifesto,41222,L-PDS,Die Linke.PDS,The Left. Party of Democratic Socialism,2005,2005,8.7,2005,NA,NA,2014-02-08T21:29:15Z,2023-06-05T10:39:40Z,3689,86,2020-05-29T17:43:27Z,DEU,vparty,86,PDS,NA,Party for Democratic Socialism,1990,2005,8.7,2005,NA,NA,2020-03-07T13:56:30Z,2021-03-12T10:14:37Z,39905,2020-03-07T13:56:30Z,DEU,poppa,1204,Linke,Die Linke,The Left,2018,2018,NA,NA,NA,NA,2020-03-05T19:26:02Z,2021-03-12T10:16:17Z,36868,2020-03-05T19:26:02Z
DEU,manifesto,41420,FDP,Freie Demokratische Partei,Free Democratic Party,1949,2021,14.6,2009,NA,NA,2013-01-01T18:18:22Z,2023-06-05T10:39:50Z,1996,573,2013-01-01T18:34:03Z,DEU,vparty,573,FDP,NA,Free Democratic Party,1949,2017,14.6,2009,NA,NA,2020-03-07T13:55:53Z,2021-03-12T10:14:36Z,38856,2020-03-07T13:55:53Z,DEU,poppa,1207,FDP,Freie Demokratische Partei,Free Democratic Party,2018,2018,NA,NA,NA,NA,2020-03-05T19:26:01Z,2021-03-12T10:16:17Z,36852,2020-03-05T19:26:01Z
DEU,manifesto,41221,PDS,Partei des Demokratischen Sozialismus,Party of Democratic Socialism,1990,2002,5.1,1998,NA,NA,2013-01-01T18:17:16Z,2023-06-05T10:39:49Z,1682,86,2014-02-15T22:47:36Z,DEU,vparty,86,PDS,NA,Party for Democratic Socialism,1990,2005,8.7,2005,NA,NA,2020-03-07T13:56:30Z,2021-03-12T10:14:37Z,39905,2020-03-07T13:56:30Z,DEU,poppa,1204,Linke,Die Linke,The Left,2018,2018,NA,NA,NA,NA,2020-03-05T19:26:02Z,2021-03-12T10:16:17Z,36868,2020-03-05T19:26:02Z
DEU,manifesto,41320,SPD,Sozialdemokratische Partei Deutschlands,Social Democratic Party of Germany,1949,2021,45.9,1972,NA,NA,2013-01-01T18:17:14Z,2023-06-05T10:39:40Z,1671,383,2013-01-01T18:34:05Z,DEU,vparty,383,SPD,NA,Social Democratic Party of Germany,1903,2017,45.8,1972,NA,NA,2020-03-07T13:56:39Z,2021-03-12T10:14:37Z,40133,2020-03-07T13:56:39Z,DEU,poppa,1202,SPD,Sozialdemokratische Partei Deutschlands,Social Democratic Party of Germany,2018,2018,NA,NA,NA,NA,2020-03-05T19:26:01Z,2021-03-12T10:16:17Z,36859,2020-03-05T19:26:01Z
GRC,manifesto,34730,ANEL,Anexartitoi Ellines,Independent Greeks,2012,2015,10.6,2012,NA,NA,2015-11-17T11:43:53Z,2023-06-05T10:39:57Z,15543,1651,2015-11-17T11:49:53Z,GRC,vparty,1651,ANEL,NA,Independent Greeks,2012,2012,7.5,2012,NA,NA,2020-03-07T13:55:35Z,2021-03-12T10:14:37Z,38391,2020-03-07T13:55:35Z,GRC,poppa,1307,ANEL,Ανεξάρτητοι Έλληνες,Independent Greeks,2018,2018,NA,NA,NA,NA,2020-03-05T19:25:53Z,2021-03-12T10:16:17Z,36751,2020-03-05T19:25:53Z
GRC,manifesto,34720,XA,Chrysi Avgi,Golden Dawn,2012,2019,7,2012,NA,NA,2015-11-17T11:43:41Z,2023-06-05T10:40:03Z,15503,1660,2015-11-17T11:49:48Z,GRC,vparty,1660,LS/CA,NA,People’s Association / Golden Dawn,2012,2015,7,2015,NA,NA,2020-03-07T13:55:04Z,2021-03-12T10:14:37Z,37598,2020-03-07T13:55:04Z,GRC,poppa,1303,XA,Λαϊκός Σύνδεσμος,Golden Dawn,2018,2018,NA,NA,NA,NA,2020-03-05T19:26:00Z,2021-03-12T10:16:17Z,36846,2020-03-05T19:26:00Z
GRC,manifesto,34315,KINAL,Kinima Allagis,Movement for Change,2019,2019,8.1,2019,NA,NA,2023-06-05T10:39:46Z,2023-06-05T10:39:46Z,59036,7909,2023-06-05T10:39:46Z,GRC,vparty,7909,KINAL,NA,Movement for Change,2019,2019,8.1,2019,NA,NA,2020-03-07T13:55:49Z,2021-03-12T10:14:37Z,38756,2020-03-07T13:55:49Z,GRC,poppa,1310,KA,Κίνημα Αλλαγής,Movement for Change,2018,2018,NA,NA,NA,NA,2020-03-05T19:26:03Z,2021-03-12T10:16:17Z,36885,2020-03-07T10:39:25Z
GRC,manifesto,34210,KKE,Kommounistiko Komma Elladas,Communist Party of Greece,1974,2019,10.9,1981,NA,NA,2013-01-01T18:18:14Z,2023-06-05T10:39:48Z,1957,48,2013-01-01T18:34:51Z,GRC,vparty,48,KKE,NA,Communist Party of Greece,1974,2019,10.9,1981,NA,NA,2020-03-07T13:55:19Z,2021-03-12T10:14:37Z,37959,2020-03-07T13:55:19Z,GRC,poppa,1305,KKE,Κομμουνιστικό Κόμμα Ελλάδας,Communist Party of Greece,2018,2018,NA,NA,NA,NA,2020-03-05T19:25:59Z,2021-03-12T10:16:17Z,36831,2020-03-05T19:25:59Z
GRC,manifesto,34511,ND,Nea Dimokratia,New Democracy,1974,2019,54.4,1974,NA,NA,2013-01-01T18:16:10Z,2023-06-05T10:39:38Z,1376,794,2013-01-01T18:34:51Z,GRC,vparty,794,ND,NA,New Democracy,1974,2019,54.4,1974,NA,NA,2020-03-07T13:55:00Z,2021-03-12T10:14:37Z,37497,2020-03-07T13:55:00Z,GRC,poppa,1302,ND,Νέα Δημοκρατία,New Democracy,2018,2018,NA,NA,NA,NA,2020-03-05T19:25:57Z,2021-03-12T10:16:17Z,36802,2020-03-05T19:25:57Z
GRC,manifesto,34313,PASOK,Panellinio Socialistiko Kinima,Panhellenic Socialist Movement,1974,2015,48.1,1981,NA,NA,2013-01-01T18:17:35Z,2023-06-05T10:39:39Z,1769,1468,2013-01-01T18:34:52Z,GRC,vparty,1468,PASOK,NA,Panhellenic Socialist Movement,1974,2019,48.1,1981,NA,NA,2020-03-07T13:55:10Z,2021-03-12T10:14:37Z,37753,2020-03-07T13:55:10Z,GRC,poppa,1304,PASOK,Πανελλήνιο Σοσιαλιστικό Κίνημα,Panhellenic Socialist Movement,2018,2018,NA,NA,NA,NA,2020-03-05T19:25:51Z,2021-03-12T10:16:17Z,36730,2020-03-05T19:25:51Z
GRC,manifesto,34211,SYN,Synaspismos tis Aristeras kai tis Proodou,Progressive Left Coalition,1989,2000,13.1,1989,NA,NA,2013-01-01T18:17:39Z,2023-06-05T10:39:58Z,1791,516,2013-01-01T18:34:53Z,GRC,vparty,516,SYN,NA,Coalition of the Left,1989,1996,11,1989,NA,NA,2020-03-07T13:54:54Z,2021-03-12T10:14:37Z,37325,2020-03-07T13:54:54Z,GRC,poppa,1301,SYRIZA,Συνασπισμός Ριζοσπαστικής Αριστεράς,Coalition of the Radical Left,2018,2018,NA,NA,NA,NA,2020-03-05T19:25:56Z,2021-03-12T10:16:17Z,36790,2020-03-05T19:25:56Z
HUN,manifesto,86221,DK,Demokratikus Koalícío,Democratic Coalition,2014,2018,5.4,2018,NA,NA,2015-11-17T11:43:49Z,2023-06-05T10:39:42Z,15526,469,2015-11-17T11:51:29Z,HUN,vparty,469,DK,NA,Democratic Coalition,2014,2018,5.4,2018,NA,NA,2020-03-07T13:56:41Z,2021-03-12T10:14:38Z,40166,2020-03-07T13:56:41Z,HUN,poppa,1405,DK,Demokratikus Koalíció,Democratic Coalition,2018,2018,NA,NA,NA,NA,2020-03-05T19:26:02Z,2021-03-12T10:16:17Z,36880,2020-03-05T19:26:02Z
HUN,manifesto,86340,E14-PM,Együtt 2014 – Párbeszéd Magyarországért Választási Szövetség,Together 2014 -Dialogue for Hungary Electoral Alliance,2014,2018,2.1,2014,NA,NA,2015-11-17T11:43:46Z,2023-06-05T10:40:00Z,15514,2458,2015-11-17T11:51:36Z,HUN,vparty,2458,Egyutt,NA,Together -- Party for a New Era,2014,2014,1.5,2014,NA,NA,2020-03-07T13:56:47Z,2021-03-12T10:14:38Z,40325,2020-03-07T13:56:47Z,HUN,poppa,1406,Egyutt,Együtt - A Korszakváltók Pártja,Together - Party for a New Era,2018,2018,NA,NA,NA,NA,2020-03-05T19:25:58Z,2021-03-12T10:16:17Z,36813,2020-03-05T19:25:58Z
HUN,manifesto,86710,Jobbik,Jobbik Magyarországért Mozgalom,Movement for a Better Hungary,2010,2018,20.6,2014,NA,NA,2014-02-08T21:29:17Z,2023-06-05T10:39:58Z,3723,42,2014-02-09T23:26:48Z,HUN,vparty,42,Jobbik,NA,Movement for a Better Hungary,2010,2018,20.2,2014,NA,NA,2020-03-07T13:55:43Z,2021-03-12T10:14:38Z,38629,2020-03-07T13:55:43Z,HUN,poppa,1403,Jobbik,Jobbik Magyarországért Mozgalom,Jobbik Movement for a Better Hungary,2018,2018,NA,NA,NA,NA,2020-03-05T19:26:01Z,2021-03-12T10:16:17Z,36866,2020-03-05T19:26:02Z
HUN,manifesto,86110,LMP,Lehet Más Politika!,Politics Can Be Different,2010,2018,7.1,2018,NA,NA,2014-02-08T21:29:08Z,2023-06-05T10:39:48Z,3571,1650,2014-02-09T23:27:04Z,HUN,vparty,1650,LMP,NA,Politics Can Be Different,2010,2018,7.5,2010,NA,NA,2020-03-07T13:55:52Z,2021-03-12T10:14:38Z,38828,2020-03-07T13:55:52Z,HUN,poppa,1404,LMP,Lehet Más a Politika,Politics Can Be Different,2018,2018,NA,NA,NA,NA,2020-03-05T19:25:45Z,2021-03-12T10:16:18Z,36664,2020-03-05T19:25:45Z
HUN,manifesto,86220,MSzP,Magyar Szocialista Párt,Hungarian Socialist Party,1990,2018,48.2,2006,NA,NA,2013-01-01T18:16:26Z,2023-06-05T10:40:02Z,1450,1408,2013-01-01T18:34:59Z,HUN,vparty,1408,MSZP,NA,Hungarian Socialist Party,1990,2018,43.2,2006,NA,NA,2020-03-07T13:55:06Z,2021-03-12T10:14:38Z,37660,2020-03-07T13:55:06Z,HUN,poppa,1402,MSZP,Magyar Szocialista Párt,Hungarian Socialist Party,2018,2018,NA,NA,NA,NA,2020-03-05T19:25:50Z,2021-03-12T10:16:18Z,36722,2020-03-05T19:25:50Z
HUN,manifesto,86421,FiDeSz-KDNP,Szövetség Fiatal Demokraták Szövetsége - Kereszténydemokrata Néppárt,Alliance of Federation of Young Democrats - Christian Democratic People's Party,1990,2018,67.9,2010,NA,NA,2013-01-01T18:17:40Z,2023-06-05T10:39:42Z,1796,1691,2013-01-01T18:34:56Z,HUN,vparty,1691,Fidesz,NA,Fidesz – Hungarian Civic Alliance,1990,2018,59.4,2018,NA,NA,2020-03-07T13:56:32Z,2021-03-12T10:14:38Z,39972,2020-03-07T13:56:32Z,HUN,poppa,1401,Fidesz,Fidesz - Magyar Polgári Szövetség,Fidesz - Hungarian Civic Party,2018,2018,NA,NA,NA,NA,2020-03-05T19:25:49Z,2021-03-12T10:16:17Z,36712,2020-03-05T19:25:49Z
IRL,manifesto,53620,NA,Fianna Fáil,Soldiers of Destiny,1948,2016,50.6,1977,NA,NA,2013-01-01T18:18:09Z,2023-06-05T10:40:00Z,1932,1055,2013-01-01T18:35:02Z,IRL,vparty,1055,FF,NA,Fianna Fail – The Republican Party,1921,2016,51.9,1938,NA,NA,2020-03-07T13:55:41Z,2021-03-12T10:14:39Z,38552,2020-03-07T13:55:41Z,IRL,poppa,1502,FF,Fianna Fáil,Fianna Fáil,2018,2018,NA,NA,NA,NA,2020-03-05T19:26:01Z,2021-03-12T10:16:18Z,36861,2020-03-05T19:26:01Z
IRL,manifesto,53520,NA,Fine Gael,Family of the Irish,1948,2016,39.2,1982,NA,NA,2013-01-01T18:17:59Z,2023-06-05T10:39:53Z,1886,1288,2013-01-01T18:35:02Z,IRL,vparty,1288,FG,NA,Fine Gael (Familiy of the Irish),1937,2016,39.2,1982,NA,NA,2020-03-07T13:56:05Z,2021-03-12T10:14:39Z,39212,2020-03-07T13:56:05Z,IRL,poppa,1501,FG,Fine Gael,Fine Gael,2018,2018,NA,NA,NA,NA,2020-03-05T19:25:59Z,2021-03-12T10:16:18Z,36834,2020-03-05T19:25:59Z
IRL,manifesto,53320,Labour,Páirti Lucht Oibre,Labour Party,1948,2016,19.4,2011,NA,NA,2013-01-01T18:16:35Z,2023-06-05T10:39:43Z,1490,562,2013-01-01T18:35:04Z,IRL,vparty,562,Lab,NA,Labour Party,1921,2016,21.3,1922,NA,NA,2020-03-07T13:56:24Z,2021-03-12T10:14:39Z,39706,2020-03-07T13:56:24Z,IRL,poppa,1504,Lab,Labour Party,Labour Party,2018,2018,NA,NA,NA,NA,2020-03-05T19:25:57Z,2021-03-12T10:16:18Z,36806,2020-03-05T19:25:57Z
IRL,manifesto,53951,SF,Sinn Féin,We Ourselves,1997,2016,13.8,2016,NA,NA,2013-01-01T18:16:54Z,2023-06-05T10:39:47Z,1579,4,2013-01-01T18:35:03Z,IRL,vparty,4,SF,NA,Sinn Fein (Provisional),2002,2016,13.9,2016,NA,NA,2020-03-07T13:56:16Z,2021-03-12T10:14:39Z,39485,2020-03-07T13:56:16Z,IRL,poppa,1503,SF,Sinn Fein,Sinn Fein,2018,2018,NA,NA,NA,NA,2020-03-05T19:25:46Z,2021-03-12T10:16:18Z,36674,2020-03-05T19:25:46Z
ITA,manifesto,32630,FDI,Fratelli d'Italia,Brothers of Italy,2013,2018,4.2,2018,NA,NA,2014-02-08T21:29:14Z,2023-06-05T10:39:53Z,3667,2280,2014-05-18T13:07:31Z,ITA,vparty,2280,FdI,NA,Brothers of Italy,2013,2018,4.4,2018,NA,NA,2020-03-07T13:55:05Z,2021-03-12T10:14:40Z,37621,2020-03-07T13:55:05Z,ITA,poppa,1605,FdI-CN,Fratelli d'Italia,Brothers of Italy,2018,2018,NA,NA,NA,NA,2020-03-05T19:26:03Z,2021-03-12T10:16:18Z,36892,2020-03-05T19:26:03Z
ITA,manifesto,32720,L,Lega,League,1992,2018,17.5,2018,NA,NA,2013-01-01T18:17:07Z,2023-06-05T10:39:56Z,1640,1221,2013-01-01T18:35:32Z,ITA,vparty,1221,LN,NA,North League,1992,2018,17.4,2018,NA,NA,2020-03-07T13:55:53Z,2021-03-12T10:14:40Z,38870,2020-03-07T13:55:53Z,ITA,poppa,1604,LN,Lega (Nord),(Northern League),2018,2018,NA,NA,NA,NA,2020-03-05T19:25:52Z,2021-03-12T10:16:18Z,36744,2020-03-05T19:25:52Z
ITA,manifesto,32956,M5S,MoVimento 5 Stelle,Five Star Movement,2013,2018,32.2,2018,NA,NA,2014-02-08T21:29:13Z,2023-06-05T10:39:39Z,3649,2046,2014-05-18T13:07:14Z,ITA,vparty,2046,M5S,NA,Five Star Movement,2013,2018,32.7,2018,NA,NA,2020-03-07T13:56:22Z,2021-03-12T10:14:40Z,39643,2020-03-07T13:56:22Z,ITA,poppa,1602,M5S,Movimento Cinque Stelle,Five Star Movement,2018,2018,NA,NA,NA,NA,2020-03-05T19:26:03Z,2021-03-12T10:16:18Z,36884,2020-03-05T19:26:03Z
ITA,manifesto,32440,PD,Partito Democratico,Democratic Party,2008,2018,33.2,2008,NA,NA,2014-02-08T21:29:16Z,2023-06-05T10:39:56Z,3696,802,2014-05-18T13:07:42Z,ITA,vparty,802,PD,NA,Democratic Party,2008,2018,34,2008,NA,NA,2020-03-07T13:56:16Z,2021-03-12T10:14:40Z,39496,2020-03-07T13:56:16Z,ITA,poppa,1601,PD,Partito Democratico,Democratic Party,2018,2018,NA,NA,NA,NA,2020-03-05T19:25:58Z,2021-03-12T10:16:18Z,36826,2020-03-05T19:25:58Z
LTU,manifesto,88440,DP,Darbo Partija,Labour Party,2004,2020,28.4,2004,NA,NA,2014-02-08T21:29:17Z,2023-06-05T10:40:02Z,3714,102,2014-03-07T18:19:48Z,LTU,vparty,102,DP,NA,Labour Party,2004,2016,28.4,2004,NA,NA,2020-03-07T13:55:51Z,2021-03-12T10:14:41Z,38803,2020-03-07T13:55:51Z,LTU,poppa,1707,DP,Darbo partija,Labour Party,2018,2018,NA,NA,NA,NA,2020-03-05T19:25:45Z,2021-03-12T10:16:18Z,36658,2020-03-05T19:25:45Z
LTU,manifesto,88951,LLRA/AWPL,Lietuvos lenkų rinkimų akcija/Akcja Wyborcza Polaków na Litwie,Election Action of Lithuania’s Poles,1992,2020,6.1,2012,NA,NA,2013-01-01T18:16:40Z,2023-06-05T10:39:59Z,1513,556,2013-01-01T18:35:49Z,LTU,vparty,556,LLRA,NA,Election Action of Lithuania's Poles,2012,2016,5.8,2012,NA,NA,2020-03-07T13:55:58Z,2021-03-12T10:14:41Z,39010,2020-03-07T13:55:58Z,LTU,poppa,1705,LLRA,Lietuvos lenkų rinkimų akcija / Akcja Wyborcza Polaków na Litwie,Election Action of Lithuania's Poles,2018,2018,NA,NA,NA,NA,2020-03-05T19:26:00Z,2021-03-12T10:16:18Z,36850,2020-03-05T19:26:00Z
LTU,manifesto,88450,LRLS,Lietuvos respublikos Liberalų sąjūdis,Liberal Movement,2008,2020,9.4,2016,NA,NA,2014-02-08T21:29:10Z,2023-06-05T10:39:55Z,3612,1744,2014-03-07T18:20:04Z,LTU,vparty,1744,LRLS,NA,Liberals' Movement of the Republic of Lithuania,2008,2016,9.5,2016,NA,NA,2020-03-07T13:55:50Z,2021-03-12T10:14:41Z,38768,2020-03-07T13:55:50Z,LTU,poppa,1704,LRLS,Lietuvos Respublikos Liberalų sąjūdis,Liberals Movement of the Republic of Lithuania,2018,2018,NA,NA,NA,NA,2020-03-05T19:25:57Z,2021-03-12T10:16:18Z,36800,2020-03-05T19:25:57Z
LTU,manifesto,88320,LSDP,Lietuvos socialdemokratų partija,Lithuanian Social Democratic Party,1992,2020,19.2,2012,NA,NA,2013-01-01T18:17:55Z,2023-06-05T10:40:04Z,1867,64,2020-04-23T11:44:27Z,LTU,vparty,738,LSDP,NA,Lithuanian Social Democratic Party,1990,2000,13.5,2000,NA,NA,2020-03-07T13:54:55Z,2021-03-12T10:14:41Z,37365,2020-04-23T11:42:35Z,LTU,poppa,1703,LSDP,Lietuvos socialdemokratų partija,Lithuanian Social Democratic Party,2018,2018,NA,NA,NA,NA,2020-03-05T19:26:03Z,2021-03-12T10:16:18Z,36887,2020-03-05T19:26:03Z
LTU,manifesto,88320,LSDP,Lietuvos socialdemokratų partija,Lithuanian Social Democratic Party,1992,2020,19.2,2012,NA,NA,2013-01-01T18:17:55Z,2023-06-05T10:40:04Z,1867,64,2020-04-23T11:44:27Z,LTU,vparty,64,LSDP,NA,Lithuanian Social Democratic Party,1920,2016,20.6,2004,NA,NA,2020-03-07T13:56:03Z,2021-03-12T10:14:41Z,39136,2020-03-07T13:56:03Z,LTU,poppa,1703,LSDP,Lietuvos socialdemokratų partija,Lithuanian Social Democratic Party,2018,2018,NA,NA,NA,NA,2020-03-05T19:26:03Z,2021-03-12T10:16:18Z,36887,2020-03-05T19:26:03Z
LTU,manifesto,88820,LVŽS,Lietuvos valstiečių ir žaliųjų sąjunga,Lithuanian Peasant and Green Union,2004,2020,22.5,2016,NA,NA,2014-02-08T21:29:14Z,2023-06-05T10:39:51Z,3673,1490,2014-03-07T18:24:24Z,LTU,vparty,1490,LVLS,NA,Lithuanian Peasant [Popular/Greens] Union,2004,2016,22.5,2016,NA,NA,2020-03-07T13:55:01Z,2021-03-12T10:14:41Z,37528,2020-03-07T13:55:01Z,LTU,poppa,1701,LVLS,Lietuvos valstiečių ir žaliųjų sąjunga,Lithuanian Peasant and Greens Union,2018,2018,NA,NA,NA,NA,2020-03-05T19:25:52Z,2021-03-12T10:16:18Z,36746,2020-03-05T19:25:52Z
LTU,manifesto,88460,PTT,Partija tvarką ir teisingumąs,Order and Justice,2008,2016,12.7,2008,NA,NA,2014-02-08T21:29:10Z,2023-06-05T10:40:00Z,3609,237,2014-03-07T18:20:47Z,LTU,vparty,237,TT-LDP,NA,Order and Justice – Liberal Democratic Party,2004,2016,12.7,2008,NA,NA,2020-03-07T13:55:41Z,2021-03-12T10:14:41Z,38566,2020-03-07T13:55:41Z,LTU,poppa,1706,TT,Tvarka ir teisingumas,Order and Justice,2018,2018,NA,NA,NA,NA,2020-03-05T19:26:00Z,2021-03-12T10:16:18Z,36843,2020-03-05T19:26:00Z
LTU,manifesto,88041,UTT,Rolando Pakso Koalicijos ‘Už Tvarką ir teisingumą',Coalition of Rolandas Paksas ‘For Order and Justice',2004,2004,11.4,2004,NA,NA,2014-02-08T21:29:08Z,2023-06-05T10:39:54Z,3569,237,2014-03-07T18:23:01Z,LTU,vparty,237,TT-LDP,NA,Order and Justice – Liberal Democratic Party,2004,2016,12.7,2008,NA,NA,2020-03-07T13:55:41Z,2021-03-12T10:14:41Z,38566,2020-03-07T13:55:41Z,LTU,poppa,1706,TT,Tvarka ir teisingumas,Order and Justice,2018,2018,NA,NA,NA,NA,2020-03-05T19:26:00Z,2021-03-12T10:16:18Z,36843,2020-03-05T19:26:00Z
LTU,manifesto,88620,TS,Tėvynės sąjunga,Homeland Union,1996,2004,31.3,1996,NA,NA,2013-01-01T18:16:38Z,2023-06-05T10:39:43Z,1506,193,2013-01-01T18:35:52Z,LTU,vparty,193,TS-LKD,NA,Homeland Union / Homeland Union – Lithuanian Christian Democrats,1992,2016,31.3,1996,NA,NA,2020-03-07T13:56:46Z,2021-03-12T10:14:41Z,40308,2020-03-07T13:56:46Z,LTU,poppa,1702,TS-LKD,Tėvynės  sąjunga  -  Lietuvos  krikščionys demokratai,Homeland Union - Lithuanian Christian Democrats,2018,2018,NA,NA,NA,NA,2020-03-05T19:25:59Z,2021-03-12T10:16:18Z,36833,2020-03-05T19:25:59Z
LTU,manifesto,88621,TS-LKD,Tėvynės sąjunga- Lietuvos krikščionys demokratai,Homeland Union - Lithuanian Christian Democrats,2008,2020,25.8,2020,NA,NA,2014-02-08T21:29:10Z,2023-06-05T10:39:54Z,3615,193,2019-02-16T21:24:23Z,LTU,vparty,193,TS-LKD,NA,Homeland Union / Homeland Union – Lithuanian Christian Democrats,1992,2016,31.3,1996,NA,NA,2020-03-07T13:56:46Z,2021-03-12T10:14:41Z,40308,2020-03-07T13:56:46Z,LTU,poppa,1702,TS-LKD,Tėvynės  sąjunga  -  Lietuvos  krikščionys demokratai,Homeland Union - Lithuanian Christian Democrats,2018,2018,NA,NA,NA,NA,2020-03-05T19:25:59Z,2021-03-12T10:16:18Z,36833,2020-03-05T19:25:59Z
MLT,manifesto,54320,PL,Partit Laburista,Labour Party,1996,1998,50.7,1996,NA,NA,2013-01-01T18:17:14Z,2023-06-05T10:39:59Z,1670,808,2013-01-01T18:36:13Z,MLT,vparty,808,MLP,NA,Malta Labour Party,1921,2013,76.2,1945,NA,NA,2020-03-07T13:55:34Z,2021-03-12T10:14:42Z,38369,2020-03-07T13:55:34Z,MLT,poppa,1801,PL,Partit Laburista,Malta Labour Party,2018,2018,NA,NA,NA,NA,2020-03-05T19:25:53Z,2021-03-12T10:16:18Z,36766,2020-03-05T19:25:53Z
MLT,manifesto,54620,PN,Partit Nazzjonalista,Nationalist Party,1996,1998,51.8,1998,NA,not in CMP codebook,2013-01-01T18:17:17Z,2023-06-05T10:40:00Z,1687,699,2013-01-01T18:36:13Z,MLT,vparty,699,PN,NA,Nationalist Party,1927,2013,59.6,1932,NA,NA,2020-03-07T13:55:31Z,2021-03-12T10:14:42Z,38291,2020-03-07T13:55:31Z,MLT,poppa,1802,PN,Partit Nazzjonalista,Nationalist Party,2018,2018,NA,NA,NA,NA,2020-03-05T19:25:50Z,2021-03-12T10:16:18Z,36718,2020-03-05T19:25:50Z
NLD,manifesto,22521,CDA,Christen-Democratisch Appèl,Christian Democratic Appeal,1977,2021,35.3,1989,NA,NA,2013-01-01T18:17:06Z,2023-06-05T10:39:54Z,1637,1157,2013-01-01T18:36:21Z,NLD,vparty,1157,CDA,NA,Christian Democratic Appeal,1977,2017,35.3,1989,NA,NA,2020-03-07T13:55:40Z,2021-03-12T10:14:42Z,38544,2020-03-07T13:55:40Z,NLD,poppa,1903,CDA,Christen-Democratisch Appèl,Christian Democratic Appeal,2018,2018,NA,NA,NA,NA,2020-03-05T19:25:45Z,2021-03-12T10:16:18Z,36657,2020-03-05T19:25:45Z
NLD,manifesto,22330,D’66,Democraten‘66,Democrats‘66,1967,2021,15.5,1994,NA,NA,2013-01-01T18:18:33Z,2023-06-05T10:39:53Z,2049,45,2013-01-01T18:36:22Z,NLD,vparty,45,D66,NA,Democrats 66,1971,2017,15.5,1994,NA,NA,2020-03-07T13:56:46Z,2021-03-12T10:14:42Z,40290,2020-03-07T13:56:46Z,NLD,poppa,1904,D66,Democraten66,Democrats66,2018,2018,NA,NA,NA,NA,2020-03-05T19:25:54Z,2021-03-12T10:16:18Z,36771,2020-03-05T19:25:54Z
NLD,manifesto,22110,GL,GroenLinks,Green Left,1989,2021,9.1,2017,NA,NA,2013-01-01T18:18:15Z,2023-06-05T10:39:44Z,1964,1537,2013-01-01T18:36:22Z,NLD,vparty,1537,GL,NA,GreenLeft,1998,2017,9.1,2017,NA,NA,2020-03-07T13:56:23Z,2021-03-12T10:14:42Z,39699,2020-03-07T13:56:23Z,NLD,poppa,1905,GL,GroenLinks,GreenLeft,2018,2018,NA,NA,NA,NA,2020-03-05T19:26:01Z,2021-03-12T10:16:18Z,36857,2020-03-05T19:26:01Z
NLD,manifesto,22320,PvdA,Partij van de Arbeid,Labour Party,1946,2021,33.8,1977,NA,NA,2013-01-01T18:16:25Z,2023-06-05T10:39:59Z,1446,1234,2013-01-01T18:36:24Z,NLD,vparty,1234,PvdA,NA,Labour,1946,2017,33.8,1977,NA,NA,2020-03-07T13:55:57Z,2021-03-12T10:14:42Z,38984,2020-03-07T13:55:57Z,NLD,poppa,1907,PvdA,Partij van de Arbeid,Labour Party,2018,2018,NA,NA,NA,NA,2020-03-05T19:25:49Z,2021-03-12T10:16:18Z,36717,2020-03-05T19:25:50Z
NLD,manifesto,22722,PVV,Partij voor de Vrijheid,Party of Freedom,2006,2021,15.4,2010,NA,NA,2014-02-08T21:29:18Z,2023-06-05T10:39:51Z,3734,298,2014-02-08T22:22:18Z,NLD,vparty,298,PVV,NA,Party for Freedom,2006,2017,15.4,2010,NA,NA,2020-03-07T13:56:29Z,2021-03-12T10:14:42Z,39863,2020-03-07T13:56:29Z,NLD,poppa,1902,PVV,Partij voor de Vrijheid,Party for Freedom,2018,2018,NA,NA,NA,NA,2020-03-05T19:25:53Z,2021-03-12T10:16:18Z,36756,2020-03-05T19:25:53Z
NLD,manifesto,22220,SP,Socialistische Partij,Socialist Party,1994,2021,16.6,2006,NA,NA,2013-01-01T18:16:55Z,2023-06-05T10:39:46Z,1584,1363,2013-01-01T18:36:25Z,NLD,vparty,1363,SP,NA,Socialist Party,2002,2017,16.6,2006,NA,NA,2020-03-07T13:56:28Z,2021-03-12T10:14:42Z,39859,2020-03-07T13:56:28Z,NLD,poppa,1906,SP,Socialistische Partij,Socialist Party,2018,2018,NA,NA,NA,NA,2020-03-05T19:25:55Z,2021-03-12T10:16:18Z,36780,2020-03-05T19:25:55Z
NLD,manifesto,22420,VVD,Volkspartij voor Vrijheid en Democratie,People’s Party for Freedom and Democracy,1946,2021,26.6,2012,NA,NA,2013-01-01T18:18:35Z,2023-06-05T10:39:52Z,2057,828,2013-01-01T18:36:25Z,NLD,vparty,828,VVD,NA,People's Party for Freedom and Democracy,1946,2017,26.6,2012,NA,NA,2020-03-07T13:56:53Z,2021-03-12T10:14:42Z,40483,2020-03-07T13:56:53Z,NLD,poppa,1901,VVD,Volkspartij voor Vrijheid en Democratie,People's  Party  for  Freedom  and Democracy,2018,2018,NA,NA,NA,NA,2020-03-05T19:25:47Z,2021-03-12T10:16:18Z,36690,2020-03-05T19:25:47Z
NOR,manifesto,12320,Ap,Arbeiderpartiet,Labour Party,1945,2017,48.3,1957,NA,NA,2013-01-01T18:18:18Z,2023-06-05T10:39:54Z,1975,448,2013-01-01T18:36:26Z,NOR,vparty,448,DNA,NA,Norwegian Labour Party,1903,2017,48.3,1957,NA,NA,2020-03-07T13:55:07Z,2021-03-12T10:14:43Z,37677,2020-03-07T13:55:07Z,NOR,poppa,2001,Ap,Arbeiderpartiet,Norwegian Labour Party,2018,2018,NA,NA,NA,NA,2020-03-05T19:25:58Z,2021-03-12T10:16:18Z,36823,2020-03-05T19:25:58Z
NOR,manifesto,12951,FrP,Fremskrittspartiet,Progress Party,1973,2017,22.9,2009,NA,NA,2013-01-01T18:16:13Z,2023-06-05T10:39:42Z,1391,101,2013-01-01T18:36:25Z,NOR,vparty,101,Fr,NA,Progress Party [Anders Lange’s Party],1973,2017,22.9,2009,NA,NA,2020-03-07T13:55:39Z,2021-03-12T10:14:43Z,38514,2020-03-07T13:55:39Z,NOR,poppa,2003,FrP,Fremskrittspartiet,Progress Party,2018,2018,NA,NA,NA,NA,2020-03-05T19:26:01Z,2021-03-12T10:16:18Z,36865,2020-03-05T19:26:01Z
NOR,manifesto,12620,H,Høyre,Conservative Party,1945,2017,31.7,1981,NA,NA,2013-01-01T18:17:19Z,2023-06-05T10:39:56Z,1693,503,2013-01-01T18:36:27Z,NOR,vparty,503,H,NA,Conservative Party,1900,2017,40.2,1903,NA,NA,2020-03-07T13:56:27Z,2021-03-12T10:14:43Z,39820,2020-03-07T13:56:27Z,NOR,poppa,2002,H,Høyre,Conservative Party,2018,2018,NA,NA,NA,NA,2020-03-05T19:25:52Z,2021-03-12T10:16:18Z,36747,2020-03-05T19:25:52Z
NOR,manifesto,12520,KrF,Kristelig Folkeparti,Christian People’s Party,1945,2017,13.7,1997,NA,NA,2013-01-01T18:17:04Z,2023-06-05T10:39:44Z,1626,705,2013-01-01T18:36:27Z,NOR,vparty,705,KrF,NA,Christian Democratic Party,1945,2017,13.7,1997,NA,NA,2020-03-07T13:56:34Z,2021-03-12T10:14:43Z,40028,2020-03-07T13:56:34Z,NOR,poppa,2005,KrF,Kristelig Folkeparti,Christian Democratic Party,2018,2018,NA,NA,NA,NA,2020-03-05T19:25:59Z,2021-03-12T10:16:18Z,36832,2020-03-05T19:25:59Z
NOR,manifesto,12810,Sp,Senterpartiet,Centre Party,1945,2017,16.7,1993,NA,NA,2013-01-01T18:16:14Z,2023-06-05T10:39:58Z,1398,1072,2013-01-01T18:36:26Z,NOR,vparty,1072,Sp/Bp,NA,Centre [Agrarian] Party,1921,2017,16.7,1993,NA,NA,2020-03-07T13:56:31Z,2021-03-12T10:14:43Z,39917,2020-03-07T13:56:31Z,NOR,poppa,2004,Sp,Senterpartiet,Centre Party,2018,2018,NA,NA,NA,NA,2020-03-05T19:25:47Z,2021-03-12T10:16:18Z,36687,2020-03-05T19:25:47Z
NOR,manifesto,12221,SV,Sosialistisk Venstreparti,Socialist Left Party,1961,2017,12.5,2001,NA,NA,2013-01-01T18:17:12Z,2023-06-05T10:39:40Z,1663,719,2014-02-15T22:47:35Z,NOR,vparty,719,SV,NA,Socialist Left Party,1973,2017,12.5,2001,NA,NA,2020-03-07T13:55:15Z,2021-03-12T10:14:43Z,37875,2020-03-07T13:55:15Z,NOR,poppa,2007,SV,Sosialistisk Venstreparti,Socialist Left Party,2018,2018,NA,NA,NA,NA,2020-03-05T19:25:48Z,2021-03-12T10:16:18Z,36709,2020-03-05T19:25:48Z
NOR,manifesto,12420,V,Venstre,Liberal Party,1945,2017,14.8,1949,NA,NA,2013-01-01T18:18:36Z,2023-06-05T10:39:39Z,2062,1173,2013-01-01T18:36:29Z,NOR,vparty,1173,V,NA,Liberal Party of Norway,1900,2017,56.9,1912,NA,NA,2020-03-07T13:55:33Z,2021-03-12T10:14:43Z,38336,2020-03-07T13:55:33Z,NOR,poppa,2006,V,Venstre,Liberal Party of Norway,2018,2018,NA,NA,NA,NA,2020-03-05T19:26:02Z,2021-03-12T10:16:18Z,36874,2020-03-05T19:26:02Z
POL,manifesto,92720,NA,Kukiz'15,Kukiz'15,2015,2015,8.8,2015,NA,NA,2023-06-05T10:39:55Z,2023-06-05T10:39:55Z,59125,4631,2023-06-05T10:39:55Z,POL,vparty,4631,K,NA,Kukiz'15,2015,2019,8.8,2015,NA,NA,2020-03-07T13:54:58Z,2021-03-12T10:14:44Z,37430,2020-03-07T13:54:58Z,POL,poppa,2103,K’15,Kukiz'15,Kukiz'15,2018,2018,NA,NA,NA,NA,2020-03-05T19:25:46Z,2021-03-12T10:16:18Z,36678,2020-03-05T19:25:46Z
POL,manifesto,92450,.N,.Nowoczesna,Modern,2015,2015,7.6,2015,NA,NA,2023-06-05T10:40:00Z,2023-06-05T10:40:00Z,59159,4630,2023-06-05T10:40:00Z,POL,vparty,4630,N,NA,Modern,2015,2015,7.6,2015,NA,NA,2020-03-07T13:55:28Z,2021-03-12T10:14:44Z,38223,2020-03-07T13:55:28Z,POL,poppa,2104,N,Nowoczesna,Modern,2018,2018,NA,NA,NA,NA,2020-03-05T19:25:56Z,2021-03-12T10:16:18Z,36789,2020-03-05T19:25:56Z
POL,manifesto,92435,PO,Platforma Obywatelska,Civic Platform,2001,2015,41.5,2007,NA,NA,2013-01-01T18:17:25Z,2023-06-05T10:40:03Z,1722,1117,2013-01-01T18:36:39Z,POL,vparty,1117,PO,NA,Civic Platform,2001,2019,41.5,2007,NA,NA,2020-03-07T13:56:04Z,2021-03-12T10:14:44Z,39167,2020-03-07T13:56:04Z,POL,poppa,2102,PO,Platforma Obywatelska,Civic Platform,2018,2018,NA,NA,NA,NA,2020-03-05T19:25:52Z,2021-03-12T10:16:18Z,36735,2020-03-05T19:25:52Z
POL,manifesto,92811,PSL,Polskie Stronnictwo Ludowe,Polish Peasants' Party,1991,2015,15.4,1993,NA,merger between: PSLO Polski Stronnictwo Ludowe – Odrodzenie (Reborn Polish Peasant Party) PSLW Polski Stronnictwo Ludowe- Wilanowskie (Peasant Party – Wilanow),2013-01-01T18:16:11Z,2023-06-05T10:39:48Z,1384,602,2013-01-01T18:36:40Z,POL,vparty,602,PSL,NA,Polish People's (Peasants') Party,1991,2019,15.4,1993,NA,NA,2020-03-07T13:55:58Z,2021-03-12T10:14:44Z,39013,2020-03-07T13:55:59Z,POL,poppa,2105,PSL,Polskie Stronnictwo Ludowe,Polish People's Party,2018,2018,NA,NA,NA,NA,2020-03-05T19:25:51Z,2021-03-12T10:16:18Z,36732,2020-03-05T19:25:51Z
POL,manifesto,92436,PiS,Prawo i Sprawiedliwość,Law and Justice,2001,2019,43.6,2019,NA,NA,2013-01-01T18:17:56Z,2023-06-05T10:39:59Z,1872,1565,2013-01-01T18:36:41Z,POL,vparty,1565,PiS,NA,Law and Justice,2001,2019,43.6,2019,NA,NA,2020-03-07T13:55:03Z,2021-03-12T10:14:44Z,37560,2020-03-07T13:55:03Z,POL,poppa,2101,PiS,Prawo i Sprawiedliwość,Law and Justice,2018,2018,NA,NA,NA,NA,2020-03-05T19:25:57Z,2021-03-12T10:16:18Z,36799,2020-03-05T19:25:57Z
POL,manifesto,92210,SLD,Sojusz Lewicy Demokratycznej,Democratic Left Alliance,1991,2011,27.1,1997,NA,NA,2013-01-01T18:17:13Z,2023-06-05T10:39:43Z,1667,57,2013-01-01T18:36:43Z,POL,vparty,57,SLD,NA,Democratic Left Alliance,1991,2019,41,2001,NA,NA,2020-03-07T13:54:56Z,2021-03-12T10:14:44Z,37394,2020-03-07T13:54:57Z,POL,poppa,2107,SLD,Sojusz Lewicy Demokratycznej,Democratic Left Alliance,2018,2018,NA,NA,NA,NA,2020-03-05T19:25:44Z,2021-03-12T10:16:18Z,36647,2020-03-05T19:25:44Z
PRT,manifesto,35211,BE,Bloco de Esquerda,Left Bloc,1999,2019,10.6,2015,NA,NA,2013-01-01T18:17:10Z,2023-06-05T10:39:40Z,1654,1310,2013-01-01T18:36:46Z,PRT,vparty,1310,BE,NA,Left Bloc,2005,2019,10.6,2015,NA,NA,2020-03-07T13:56:10Z,2021-03-12T10:14:44Z,39320,2020-03-07T13:56:10Z,PRT,poppa,2203,BE,Bloco de Esquerda,Bloc of the Left,2018,2018,NA,NA,NA,NA,2020-03-05T19:25:59Z,2021-03-12T10:16:18Z,36828,2020-03-05T19:25:59Z
PRT,manifesto,35520,CDS-PP,Centro Democrático Social-Partido Popular,Social Democratic Center-Popular Party,1975,2019,16.7,1976,NA,NA,2014-02-08T21:29:07Z,2023-06-05T10:39:41Z,3561,1308,2015-09-08T15:23:57Z,PRT,vparty,1308,CDS / PP,NA,Democratic and Social Center / People's Party,1975,2011,16.8,1976,NA,NA,2020-03-07T13:56:42Z,2021-03-12T10:14:44Z,40187,2020-03-07T13:56:42Z,PRT,poppa,2204,CDS-PP,Centro Democrático e Social – Partido Popular,People's Party,2018,2018,NA,NA,NA,NA,2020-03-05T19:25:52Z,2021-03-12T10:16:18Z,36740,2020-03-05T19:25:52Z
PRT,manifesto,35229,CDU,Coligação Democrática Unitária,Unified Democratic Coalition,1991,2005,9.1,1999,NA,NA,2013-01-01T18:17:59Z,2023-06-05T10:39:53Z,1884,284,2013-01-01T18:36:47Z,PRT,vparty,284,CDU,NA,Unified Democratic Coalition,1987,2019,12.1,1987,NA,NA,2020-03-07T13:55:53Z,2021-03-12T10:14:44Z,38852,2020-03-07T13:55:53Z,PRT,poppa,2205,CDU,Coligação Democrática Unitária,Unified Democratic Coalition,2018,2018,NA,NA,NA,NA,2020-03-05T19:25:53Z,2021-03-12T10:16:18Z,36752,2020-03-05T19:25:53Z
PRT,manifesto,35313,PSD,Partido Social Democrata,Social Democratic Party,1975,2019,51.3,1987,NA,NA,2013-01-01T18:16:45Z,2023-06-05T10:39:57Z,1539,1359,2013-01-01T18:36:49Z,PRT,vparty,1359,PPD/PSD,NA,Popular Democratic Party / Social Democratic Party,1975,2019,51.6,1991,NA,NA,2020-03-07T13:55:54Z,2021-03-12T10:14:44Z,38907,2020-03-07T13:55:54Z,PRT,poppa,2201,PSD,Partido  Popular  Democrático/Partido  Social Democrata,Social Democratic Party,2018,2018,NA,NA,NA,NA,2020-03-05T19:25:58Z,2021-03-12T10:16:18Z,36825,2020-03-05T19:25:58Z
PRT,manifesto,35311,PS,Partido Socialista,Socialist Party,1975,2019,46.4,2005,NA,NA,2013-01-01T18:18:30Z,2023-06-05T10:40:02Z,2035,655,2013-01-01T18:36:50Z,PRT,vparty,655,PS,NA,Socialist Party,1975,2019,46.4,2005,NA,NA,2020-03-07T13:55:22Z,2021-03-12T10:14:44Z,38027,2020-03-07T13:55:22Z,PRT,poppa,2202,PS,Partido Socialista,Socialist Party,2018,2018,NA,NA,NA,NA,2020-03-05T19:26:02Z,2021-03-12T10:16:18Z,36867,2020-03-05T19:26:02Z
ROU,manifesto,93420,ALDE,Alianța Liberalilor și Democraților,Alliance of Liberals and Democrats,2016,2016,5.6,2016,NA,NA,2019-01-22T16:59:49Z,2023-06-05T10:39:51Z,29058,5662,2019-01-22T16:59:49Z,ROU,vparty,5662,ALDE,NA,Alliance of Liberals and Democrats,2016,2016,5.6,2016,NA,NA,2020-03-07T13:56:00Z,2021-03-12T10:14:44Z,39063,2020-03-07T13:56:00Z,ROU,poppa,2305,ALDE,Partidul Alianța Liberalilor și Democraților,Alliance of Liberals and Democrats,2018,2018,NA,NA,NA,NA,2020-03-05T19:26:01Z,2021-03-12T10:16:18Z,36864,2020-03-05T19:26:01Z
ROU,manifesto,93540,PMP,Partidul Mișcarea Populară,People's Movement Party,2016,2016,5.3,2016,NA,NA,2019-01-22T16:59:55Z,2023-06-05T10:39:45Z,29063,3210,2019-01-22T16:59:55Z,ROU,vparty,3210,PMP,NA,People's Movement Party,2016,2016,5.4,2016,NA,NA,2020-03-07T13:55:33Z,2021-03-12T10:14:44Z,38338,2020-03-07T13:55:33Z,ROU,poppa,2306,PMP,Partidul Mișcarea Populară,People's Movement Party,2018,2018,NA,NA,NA,NA,2020-03-05T19:25:54Z,2021-03-12T10:16:18Z,36776,2020-03-05T19:25:54Z
ROU,manifesto,93430,PNL,Partidul Naţional Liberal,National Liberal Party,1990,2016,20,2016,NA,NA,2013-01-01T18:17:32Z,2023-06-05T10:40:00Z,1755,481,2022-05-27T16:21:59Z,ROU,vparty,481,PNL,NA,National Liberal Party,1911,2016,82.2,1927,NA,NA,2020-03-07T13:56:28Z,2021-03-12T10:14:44Z,39834,2020-03-07T13:56:28Z,ROU,poppa,2302,PNL,Partidul Național Liberal,National Liberal Party,2018,2018,NA,NA,NA,NA,2020-03-05T19:26:02Z,2021-03-12T10:16:18Z,36869,2020-03-05T19:26:02Z
ROU,manifesto,93951,UDMR/RMDSz,Uniunea Democratã Maghiarã din România/ Romániai Magyar Demokrata Szövetség,Hungarian Democratic Alliance of Romania,1990,2016,7.5,1992,NA,NA,2013-01-01T18:16:23Z,2023-06-05T10:39:38Z,1438,1105,2013-01-01T18:36:54Z,ROU,vparty,1105,UDMR / DAHR /  RMDSZ,NA,Democratic Union of Hungarians in Romania / Democratic Alliance of Hungarians in Romania,1990,2016,7.5,1992,NA,NA,2020-03-07T13:56:12Z,2021-03-12T10:14:44Z,39389,2020-03-07T13:56:12Z,ROU,poppa,2304,UDMR,Uniunea    Democrată    Maghiară    din RomâniaRomániai    Magyar    Demokrata Szövetség,Democratic  Union  of  Hungarians  in Romania,2018,2018,NA,NA,NA,NA,2020-03-05T19:25:46Z,2021-03-12T10:16:18Z,36682,2020-03-05T19:25:46Z
ROU,manifesto,93440,USR,Uniunea Salvati România,Save Romania Union,2016,2016,8.9,2016,NA,NA,2019-01-22T16:59:41Z,2023-06-05T10:39:46Z,29048,5969,2019-01-22T16:59:41Z,ROU,vparty,5969,USR,NA,Save Romania Union,2016,2016,8.9,2016,NA,NA,2020-03-07T13:55:40Z,2021-03-12T10:14:44Z,38531,2020-03-07T13:55:40Z,ROU,poppa,2303,USR,Uniunea Salvați România,Save Romania Union,2018,2018,NA,NA,NA,NA,2020-03-05T19:25:59Z,2021-03-12T10:16:18Z,36840,2020-03-05T19:25:59Z
ROU,manifesto,93322,USD,Uniunea Social Democrat,Social Democratic Union,1996,1996,12.9,1996,NA,NA,2013-01-01T18:16:40Z,2023-06-05T10:39:42Z,1515,120,2017-11-20T19:45:08Z,ROU,vparty,120,PSD,NA,Social Democratic Party,1992,2016,45.5,2016,NA,NA,2020-03-07T13:55:53Z,2021-03-12T10:14:44Z,38869,2020-03-07T13:55:53Z,ROU,poppa,2301,PSD,Partidul Social Democrat,Social Democratic Party,2018,2018,NA,NA,NA,NA,2020-03-05T19:25:46Z,2021-03-12T10:16:18Z,36681,2020-03-05T19:25:46Z
SVK,manifesto,96720,ĽSNS,Kotleba – Ľudová strana Naše Slovensko,Kotleba – People's Party Our Slovakia,2016,2016,8,2016,NA,NA,2019-01-22T16:59:48Z,2023-06-05T10:39:42Z,29056,656,2019-01-22T17:10:28Z,SVK,vparty,656,LsNS,NA,People's Party Our Slovakia,2016,2016,8,2016,NA,NA,2020-03-07T13:55:32Z,2021-03-12T10:14:45Z,38321,2020-03-07T13:55:32Z,SVK,poppa,2405,LSNS,Kotleba - Ľudová strana Naše Slovensko,Kotleba - People's Party Our Slovakia,2018,2018,NA,NA,NA,NA,2020-03-05T19:25:45Z,2021-03-12T10:16:18Z,36662,2020-03-05T19:25:45Z
SVK,manifesto,96521,KDH,Kresťanskodemokratické hnutie,Christian Democratic Movement,1990,2016,19.2,1990,NA,NA,2013-01-01T18:18:24Z,2023-06-05T10:39:53Z,2006,63,2013-01-01T18:37:03Z,SVK,vparty,63,KDH,NA,Christian Democratic Movement,1994,2012,10.1,1994,NA,NA,2020-03-07T13:56:48Z,2021-03-12T10:14:45Z,40349,2020-03-07T13:56:48Z,SVK,poppa,2410,KDH,Kresťanskodemokratické hnutie,Christian Democratic Movement,2018,2018,NA,NA,NA,NA,2020-03-05T19:25:52Z,2021-03-12T10:16:18Z,36738,2020-03-05T19:25:52Z
SVK,manifesto,96955,NA,Most-Híd,Bridge,2010,2016,6.9,2012,NA,NA,2014-02-08T21:29:08Z,2023-06-05T10:39:55Z,3578,258,2014-06-14T21:48:43Z,SVK,vparty,258,MH,NA,Most-Hid,2010,2016,8.1,2010,NA,NA,2020-03-07T13:56:13Z,2021-03-12T10:14:45Z,39415,2020-03-07T13:56:13Z,SVK,poppa,2407,MOST-HÍD,Most–Híd,Bridge,2018,2018,NA,NA,NA,NA,2020-03-05T19:25:47Z,2021-03-12T10:16:18Z,36693,2020-03-05T19:25:47Z
SVK,manifesto,96620,OľaNO,Obyčajní Ľudia a nezávislé osobnosti,Ordinary People and Independent Personalities,2012,2016,11,2016,NA,NA,2014-02-08T21:29:16Z,2023-06-05T10:40:01Z,3703,2130,2014-06-07T18:18:26Z,SVK,vparty,2130,OĽaNO,NA,Ordinary People and Independents,2012,2016,11,2016,NA,NA,2020-03-07T13:56:25Z,2021-03-12T10:14:45Z,39742,2020-03-07T13:56:25Z,SVK,poppa,2403,OĽaNO,Obyčajní ľudia a nezávislé osobnosti,Ordinary  People  and  Independent Personalities,2018,2018,NA,NA,NA,NA,2020-03-05T19:25:59Z,2021-03-12T10:16:18Z,36839,2020-03-05T19:25:59Z
SVK,manifesto,96440,SaS,Sloboda a Solidarita,Freedom and Solidarity,2010,2016,12.1,2010,NA,NA,2014-02-08T21:29:09Z,2023-06-05T10:39:44Z,3599,1386,2014-06-07T18:18:34Z,SVK,vparty,1386,SaS,NA,Freedom and Solidarity,2010,2016,12.1,2010,NA,NA,2020-03-07T13:56:01Z,2021-03-12T10:14:45Z,39072,2020-03-07T13:56:01Z,SVK,poppa,2402,SaS,Sloboda a Solidarita,Freedom and Solidarity,2018,2018,NA,NA,NA,NA,2020-03-05T19:26:01Z,2021-03-12T10:16:18Z,36854,2020-03-05T19:26:01Z
SVK,manifesto,96710,SNS,Slovenská národná strana,Slovak National Party,1990,2016,13.9,1990,NA,NA,2013-01-01T18:18:12Z,2023-06-05T10:40:02Z,1947,730,2013-01-01T18:37:04Z,SVK,vparty,730,SNS,NA,Slovak National Party,1994,2016,11.7,2006,NA,NA,2020-03-07T13:55:13Z,2021-03-12T10:14:45Z,37846,2020-03-07T13:55:13Z,SVK,poppa,2404,SNS,Slovenská národná strana,Slovak National Party,2018,2018,NA,NA,NA,NA,2020-03-05T19:26:00Z,2021-03-12T10:16:18Z,36845,2020-03-05T19:26:00Z
SVK,manifesto,96725,NA,Sme Rodina,We Are Family,2016,2016,6.6,2016,NA,NA,2019-01-22T16:59:39Z,2023-06-05T10:39:48Z,29045,4873,2019-01-22T17:10:30Z,SVK,vparty,4873,SR,NA,We are family – Boris Kollar,2016,2016,6.6,2016,NA,NA,2020-03-07T13:56:31Z,2021-03-12T10:14:45Z,39940,2020-03-07T13:56:31Z,SVK,poppa,2406,SME RODINA,SME RODINA – Boris Kollár,We are family - Boris Kollár,2018,2018,NA,NA,NA,NA,2020-03-05T19:26:02Z,2021-03-12T10:16:18Z,36878,2020-03-05T19:26:02Z
SVK,manifesto,96423,Smer,Smer-Sociálna Demokracia,Direction-Social Democracy,2002,2016,44.4,2012,NA,NA,2013-01-01T18:17:21Z,2023-06-05T10:39:49Z,1704,311,2013-01-01T18:37:05Z,SVK,vparty,311,Smer,NA,Direction -- Social Democracy,2002,2016,44.4,2012,NA,NA,2020-03-07T13:56:01Z,2021-03-12T10:14:45Z,39069,2020-03-07T13:56:01Z,SVK,poppa,2401,Smer-SD,Smer – sociálna demokracia,Direction – Social Democracy,2018,2018,NA,NA,NA,NA,2020-03-05T19:26:02Z,2021-03-12T10:16:18Z,36879,2020-03-05T19:26:02Z
SVN,manifesto,97951,DeSUS,Demokraticna Stranka Upokojencev Slovenije,Democratic Party of Pensioners of Slovenia,1996,2018,10.2,2014,NA,NA,2013-01-01T18:18:17Z,2023-06-05T10:39:44Z,1970,467,2013-01-01T18:37:07Z,SVN,vparty,467,DeSUS,NA,Democratic Party of Retired People of Slovenia,2000,2014,10.2,2014,NA,NA,2020-03-07T13:55:46Z,2021-03-12T10:14:45Z,38690,2020-03-07T13:55:46Z,SVN,poppa,2503,DeSUS,Demokratična stranka upokojencev Slovenije,Democratic  Party  of  Pensioners  of Slovenia,2018,2018,NA,NA,NA,NA,2020-03-05T19:25:48Z,2021-03-12T10:16:18Z,36710,2020-03-05T19:25:48Z
SVN,manifesto,97230,NA,Levica,The Left,2018,2018,9.3,2018,NA,NA,2023-06-05T10:39:48Z,2023-06-05T10:39:48Z,59054,6131,2023-06-05T10:39:48Z,SVN,vparty,6131,L,NA,The Left,2018,2018,9.3,2018,NA,NA,2020-03-07T13:55:28Z,2021-03-12T10:14:45Z,38221,2020-03-07T13:55:28Z,SVN,poppa,2505,Levicia,Združena levica,The Left (former United Left alliance),2018,2018,NA,NA,NA,NA,2020-03-05T19:25:55Z,2021-03-12T10:16:18Z,36778,2020-03-05T19:25:55Z
SVN,manifesto,97341,LMŠ,Lista Marjana Šarca,List of Marjan Šarec,2018,2018,12.6,2018,NA,NA,2023-06-05T10:39:47Z,2023-06-05T10:39:47Z,59052,6132,2023-06-05T10:39:47Z,SVN,vparty,6132,LMS,NA,List of Marjan Sarec,2018,2018,12.6,2018,NA,NA,2020-03-07T13:54:54Z,2021-03-12T10:14:45Z,37323,2020-03-07T13:54:54Z,SVN,poppa,2508,LMŠ,Marjan Šarec List,Marjan Šarec List,2018,2018,NA,NA,NA,NA,2020-03-05T19:25:53Z,2021-03-12T10:16:18Z,36755,2020-03-05T19:25:53Z
SVN,manifesto,97522,Nsi,Nova Slovenija Krščanski Ljudska Stranka,New Slovenian Christian People’s Party,2000,2018,9.1,2004,NA,NA,2013-01-01T18:16:41Z,2023-06-05T10:39:39Z,1518,1618,2013-01-01T18:37:08Z,SVN,vparty,1618,NSi,NA,New Slovenia -- Christian People's Party,1990,2018,14.5,1992,NA,NA,2020-03-07T13:55:05Z,2021-03-12T10:14:45Z,37628,2020-03-07T13:55:05Z,SVN,poppa,2506,NSI,Nova Slovenija – Krščanski demokrati,New Slovenia - Christian People's Party,2018,2018,NA,NA,NA,NA,2020-03-05T19:25:52Z,2021-03-12T10:16:18Z,36749,2020-03-05T19:25:53Z
SVN,manifesto,97330,SDS,Slovenska Demokratska Stranka,Slovenian Democratic Party,2004,2018,29.3,2008,NA,NA,2014-02-08T21:29:14Z,2023-06-05T10:39:53Z,3666,472,2014-05-16T20:59:43Z,SVN,vparty,472,SDS,NA,Slovenian Democratic Party,1990,2018,29.3,2008,NA,NA,2020-03-07T13:56:27Z,2021-03-12T10:14:45Z,39809,2020-03-07T13:56:27Z,SVN,poppa,2502,SDS,Slovenska demokratska stranka,Slovenian Democratic Party,2018,2018,NA,NA,NA,NA,2020-03-05T19:25:59Z,2021-03-12T10:16:18Z,36830,2020-03-05T19:25:59Z
SVN,manifesto,97320,SDSS,Socialdemokratska Stranka Slovenije,Social-Democratic Party of Slovenia,1990,2000,16.1,1996,NA,NA,2013-01-01T18:16:49Z,2023-06-05T10:39:44Z,1560,472,2013-01-01T18:37:10Z,SVN,vparty,472,SDS,NA,Slovenian Democratic Party,1990,2018,29.3,2008,NA,NA,2020-03-07T13:56:27Z,2021-03-12T10:14:45Z,39809,2020-03-07T13:56:27Z,SVN,poppa,2502,SDS,Slovenska demokratska stranka,Slovenian Democratic Party,2018,2018,NA,NA,NA,NA,2020-03-05T19:25:59Z,2021-03-12T10:16:18Z,36830,2020-03-05T19:25:59Z
SVN,manifesto,97322,SD,Socialni Demokrati,Social Democratic Party,2004,2018,30.4,2008,NA,NA,2014-02-08T21:29:13Z,2023-06-05T10:40:01Z,3652,1403,2018-12-13T13:47:21Z,SVN,vparty,1403,SD / ZLSD,NA,Social Democrats / United List of Social Democrats,1990,2018,30.4,2008,NA,NA,2020-03-07T13:55:03Z,2021-03-12T10:14:45Z,37573,2020-03-07T13:55:03Z,SVN,poppa,2504,SD,Socialni demokrati,Social Democrats,2018,2018,NA,NA,NA,NA,2020-03-05T19:25:57Z,2021-03-12T10:16:18Z,36801,2020-03-05T19:25:57Z
SVN,manifesto,97460,SAB,Stranka Alenke Bratušek,Party of Alenka Bratušek,2014,2018,5.1,2018,NA,NA,2023-06-05T10:40:02Z,2023-06-05T10:40:02Z,59176,3114,2023-07-19T10:01:06Z,SVN,vparty,3114,ZaAB,NA,Alliance of Alenka Bratusek,2018,2018,5.1,2018,NA,NA,2020-03-07T13:55:27Z,2021-03-12T10:14:45Z,38157,2020-03-07T13:55:27Z,SVN,poppa,2507,PAB,Stranka Alenke Bratušek,Party of Alenka Bratusek,2018,2018,NA,NA,NA,NA,2020-03-05T19:25:51Z,2021-03-12T10:16:18Z,36727,2020-03-05T19:25:51Z
SVN,manifesto,97461,SMC,Stranka modernega centra,Modern Centre Party,2014,2018,34.5,2014,NA,NA,2023-06-05T10:40:03Z,2023-06-05T10:40:03Z,59182,3098,2023-06-05T10:40:03Z,SVN,vparty,3098,SMC,NA,Party of Miro Cerar / Modern Center Party,2014,2018,34.5,2014,NA,NA,2020-03-07T13:56:01Z,2021-03-12T10:14:45Z,39090,2020-03-07T13:56:01Z,SVN,poppa,2501,SMC,Stranka modernega centra,Party of Miro Cerar,2018,2018,NA,NA,NA,NA,2020-03-05T19:25:58Z,2021-03-12T10:16:18Z,36819,2020-03-05T19:25:58Z
SVN,manifesto,97321,ZLSD,Združena Lista Socialninh Demokratov,Associated List of Social Democrats,1996,2000,12.1,2000,NA,NA,2013-01-01T18:17:33Z,2023-06-05T10:39:48Z,1762,1403,2013-01-01T18:37:11Z,SVN,vparty,1403,SD / ZLSD,NA,Social Democrats / United List of Social Democrats,1990,2018,30.4,2008,NA,NA,2020-03-07T13:55:03Z,2021-03-12T10:14:45Z,37573,2020-03-07T13:55:03Z,SVN,poppa,2504,SD,Socialni demokrati,Social Democrats,2018,2018,NA,NA,NA,NA,2020-03-05T19:25:57Z,2021-03-12T10:16:18Z,36801,2020-03-05T19:25:57Z
ESP,manifesto,33420,C's,Ciudadanos - Partido de la Ciudadania,Citizens - Party of the Citizens,2015,2019,16,2019,NA,NA,2017-03-13T21:05:06Z,2023-06-05T10:39:44Z,18719,3217,2017-06-18T06:31:47Z,ESP,vparty,3217,C's,NA,Citizens -- Party of the Citizenry,2015,2019,13.9,2015,NA,NA,2020-03-07T13:55:59Z,2021-03-12T10:14:45Z,39039,2020-03-07T13:55:59Z,ESP,poppa,2604,Cs,Ciudadanos,Citizens -- Party of the Citizenry,2018,2018,NA,NA,NA,NA,2020-03-05T19:25:53Z,2021-03-12T10:16:18Z,36759,2020-03-05T19:25:53Z
ESP,manifesto,33905,ERC,Esquerra Republicana de Catalunya,Catalan Republican Left,1977,2019,3.9,2019,NA,NA,2013-01-01T18:17:35Z,2023-06-05T10:39:43Z,1771,848,2013-01-01T18:34:15Z,ESP,vparty,848,ERC,NA,Republican Left of Catalonia,1931,2019,7.9,1936,NA,NA,2020-03-07T13:55:45Z,2021-03-12T10:14:45Z,38661,2020-03-07T13:55:45Z,ESP,poppa,2607,ERC,Esquerra Republicana de Catalunya,Republican Left of Catalonia,2018,2018,NA,NA,NA,NA,2020-03-05T19:25:48Z,2021-03-12T10:16:18Z,36708,2020-03-05T19:25:48Z
ESP,manifesto,33220,IU,Izquierda Unida,United Left,1977,2019,10.8,1979,NA,NA,2013-01-01T18:17:20Z,2023-06-05T10:39:40Z,1701,247,2013-01-01T18:34:17Z,ESP,vparty,247,PCE/IU,NA,Communist Party / United Left,1977,2019,10.8,1979,NA,NA,2020-03-07T13:55:38Z,2021-03-12T10:14:45Z,38478,2020-03-07T13:55:38Z,ESP,poppa,2605,IU,Izquierda Unida,United Left,2018,2018,NA,NA,NA,NA,2020-03-05T19:25:46Z,2021-03-12T10:16:18Z,36671,2020-03-05T19:25:46Z
ESP,manifesto,33610,PP,Partido Popular,People's Party,1977,2019,45.2,2011,NA,NA,2013-01-01T18:18:09Z,2023-06-05T10:39:43Z,1934,441,2013-01-01T18:34:13Z,ESP,vparty,441,AP / PP,NA,People's Alliance-Party / People's Party,1977,2019,45.2,2000,NA,NA,2020-03-07T13:55:57Z,2021-03-12T10:14:45Z,38986,2020-03-07T13:55:57Z,ESP,poppa,2601,PP,Partido Popular,People's Party,2018,2018,NA,NA,NA,NA,2020-03-05T19:25:55Z,2021-03-12T10:16:18Z,36782,2020-03-05T19:25:55Z
ESP,manifesto,33320,PSOE,Partido Socialista Obrero Español,Spanish Socialist Workers’ Party,1977,2019,48.4,1982,NA,NA,2013-01-01T18:18:28Z,2023-06-05T10:40:01Z,2023,1338,2013-01-01T18:34:18Z,ESP,vparty,1338,PSOE,NA,Spanish Socialist Workers Party,1918,2019,48.3,1982,NA,NA,2020-03-07T13:55:40Z,2021-03-12T10:14:45Z,38540,2020-03-07T13:55:40Z,ESP,poppa,2602,PSOE,Partido Socialista Obrero Español,Spanish Socialist Workers Party,2018,2018,NA,NA,NA,NA,2020-03-05T19:25:48Z,2021-03-12T10:16:18Z,36707,2020-03-05T19:25:48Z
ESP,manifesto,33210,NA,Podemos,We can,2015,2019,12.6,2015,NA,NA,2017-03-13T21:04:58Z,2023-06-05T10:39:45Z,18669,3203,2017-06-18T06:31:47Z,ESP,vparty,3203,PODEMOS,NA,We Can,2015,2019,13.4,2016,NA,NA,2020-03-07T13:55:32Z,2021-03-12T10:14:45Z,38314,2020-03-07T13:55:32Z,ESP,poppa,2603,Podemos,Podemos,We Can,2018,2018,NA,NA,NA,NA,2020-03-05T19:25:52Z,2021-03-12T10:16:18Z,36736,2020-03-05T19:25:52Z
SWE,manifesto,11810,CP,Centerpartiet,Centre Party,1944,2018,25.1,1973,NA,NA,2013-01-01T18:18:36Z,2023-06-05T10:40:00Z,2063,199,2013-01-01T18:37:12Z,SWE,vparty,199,B/C,NA,Farmers' League / Centre Party,1917,2018,25.1,1973,NA,NA,2020-03-07T13:55:06Z,2021-03-12T10:14:45Z,37673,2020-03-07T13:55:06Z,SWE,poppa,2705,C,Centerpartiet,Centre Party,2018,2018,NA,NA,NA,NA,2020-03-05T19:26:00Z,2021-03-12T10:16:18Z,36842,2020-03-05T19:26:00Z
SWE,manifesto,11520,Kd,Kristdemokraterna,Christian Democrats,1985,2018,11.8,1998,NA,NA,2013-01-01T18:18:10Z,2023-06-05T10:39:39Z,1938,651,2013-01-01T18:37:13Z,SWE,vparty,651,KD,NA,Christian Democrats,1991,2018,11.8,1998,NA,NA,2020-03-07T13:56:00Z,2021-03-12T10:14:45Z,39060,2020-03-07T13:56:00Z,SWE,poppa,2708,KD,Kristdemokraterna,Christian Democrats,2018,2018,NA,NA,NA,NA,2020-03-05T19:25:52Z,2021-03-12T10:16:18Z,36734,2020-03-05T19:25:52Z
SWE,manifesto,11420,L,Liberalerna,Liberals,1944,2018,24.4,1952,NA,NA,2013-01-01T18:16:39Z,2023-06-05T10:40:00Z,1509,1274,2013-01-01T18:37:12Z,SWE,vparty,1274,FP,NA,The Liberals/The People’s Party,1936,2018,24.4,1952,NA,NA,2020-03-07T13:55:21Z,2021-03-12T10:14:45Z,37994,2020-03-07T13:55:21Z,SWE,poppa,2707,L,Liberalerna,Liberals,2018,2018,NA,NA,NA,NA,2020-03-05T19:25:47Z,2021-03-12T10:16:18Z,36686,2020-03-05T19:25:47Z
SWE,manifesto,11110,MP,Miljöpartiet de Gröna,Green Ecology Party,1988,2018,7.3,2010,NA,NA,2013-01-01T18:17:14Z,2023-06-05T10:39:46Z,1672,456,2013-01-01T18:37:13Z,SWE,vparty,456,MP,NA,Greens,1988,2018,7.3,2010,NA,NA,2020-03-07T13:55:40Z,2021-03-12T10:14:45Z,38534,2020-03-07T13:55:40Z,SWE,poppa,2704,MP,Miljöpartiet de Gröna,Greens,2018,2018,NA,NA,NA,NA,2020-03-05T19:26:02Z,2021-03-12T10:16:18Z,36882,2020-03-05T19:26:03Z
SWE,manifesto,11620,MSP,Moderata Samlingspartiet,Moderate Coalition Party,1944,2018,30.1,2010,NA,NA,2013-01-01T18:17:14Z,2023-06-05T10:39:46Z,1673,690,2013-01-01T18:37:12Z,SWE,vparty,690,H/M,NA,Right Party / Moderate Party,1911,2018,36.5,1914,NA,NA,2020-03-07T13:55:38Z,2021-03-12T10:14:45Z,38476,2020-03-07T13:55:38Z,SWE,poppa,2702,M,Moderata samlingspartiet,Moderate Coalition Party,2018,2018,NA,NA,NA,NA,2020-03-05T19:25:52Z,2021-03-12T10:16:18Z,36739,2020-03-05T19:25:52Z
SWE,manifesto,11320,SAP,Socialdemokratiska Arbetareparti,Social Democratic Labour Party,1944,2018,50.1,1968,NA,NA,2013-01-01T18:17:19Z,2023-06-05T10:39:55Z,1694,487,2013-01-01T18:37:14Z,SWE,vparty,487,S,NA,Social Democrats,1902,2018,53.8,1940,NA,NA,2020-03-07T13:56:19Z,2021-03-12T10:14:45Z,39581,2020-03-07T13:56:19Z,SWE,poppa,2701,S,Sveriges Socialdemokratiska arbetarparti,Social Democrats,2018,2018,NA,NA,NA,NA,2020-03-05T19:25:45Z,2021-03-12T10:16:18Z,36652,2020-03-05T19:25:45Z
SWE,manifesto,11710,SD,Sverigedemokraterna,Sweden Democrats,2010,2018,17.5,2018,NA,NA,2014-02-08T21:29:21Z,2023-06-05T10:40:00Z,3776,409,2014-02-08T22:24:55Z,SWE,vparty,409,SD,NA,Sweden Democrats,2010,2018,17.5,2018,NA,NA,2020-03-07T13:56:51Z,2021-03-12T10:14:45Z,40423,2020-03-07T13:56:51Z,SWE,poppa,2703,SD,Sverigedemokraterna,Sweden Democrats,2018,2018,NA,NA,NA,NA,2020-03-05T19:25:46Z,2021-03-12T10:16:18Z,36680,2020-03-05T19:25:46Z
SWE,manifesto,11220,V,Vänsterpartiet,Left Party,1944,2018,12,1998,NA,NA,2013-01-01T18:16:34Z,2023-06-05T10:39:39Z,1488,830,2013-01-01T18:37:14Z,SWE,vparty,830,V,NA,Left Party / Communist Party,1920,2018,12,1998,NA,NA,2020-03-07T13:55:38Z,2021-03-12T10:14:45Z,38470,2020-03-07T13:55:38Z,SWE,poppa,2706,V,Vänsterpartiet,Left Party,2018,2018,NA,NA,NA,NA,2020-03-05T19:25:58Z,2021-03-12T10:16:18Z,36808,2020-03-05T19:25:58Z
CHE,manifesto,43811,BDP/PBD,Bürgerlich-Demokratische Partei Schweiz/Parti Bourgeois Démocratique Suisse,Conservative Democratic Party of Switzerland,2011,2019,5.4,2011,NA,NA,2015-11-17T11:43:53Z,2023-06-05T10:39:56Z,15540,1415,2015-11-17T11:52:02Z,CHE,vparty,1415,BDP,NA,Conservative Democratic Party of Switzerland,2011,2011,5.4,2011,NA,NA,2020-03-07T13:55:04Z,2021-03-12T10:14:45Z,37595,2020-03-07T13:55:04Z,CHE,poppa,2807,BDP,Bürgerlich-Demokratische Partei Schweiz / Parti bourgeois  démocratique  suisse  /  Partito borghese democratico Svizzero,Conservative  Democratic  Party  of Switzerland,2018,2018,NA,NA,NA,NA,2020-03-05T19:25:56Z,2021-03-12T10:16:18Z,36786,2020-03-05T19:25:56Z
CHE,manifesto,43520,CVP/PDC,Christlichdemokratische Volkspartei der Schweiz/Parti démocrate-chrétien suisse,Christian Democratic People’s Party of Switzerland,1947,2019,23.2,1963,NA,NA,2013-01-01T18:18:19Z,2023-06-05T10:39:40Z,1983,1808,2013-01-01T18:33:51Z,CHE,vparty,1808,KK/CVP,NA,Catholic Conservative / Christian Democratic Peoples Party,1902,2019,23.4,1963,NA,NA,2020-03-07T13:56:30Z,2021-03-12T10:14:45Z,39910,2020-03-07T13:56:30Z,CHE,poppa,2804,CVP-PDC,Christlichdemokratische  Volkspartei  /  Parti Démocrate-Chrétien   /   Partito   Popolare Democratico,Christian Democratic Peoples Party,2018,2018,NA,NA,NA,NA,2020-03-05T19:25:59Z,2021-03-12T10:16:18Z,36841,2020-03-05T19:26:00Z
CHE,manifesto,43420,FDP/PLR,FDP.Die Liberalen/PLR.Les Libéraux-Radicaux,FDP.The Liberals,1947,2019,24.1,1979,NA,NA,2013-01-01T18:17:31Z,2023-06-05T10:39:46Z,1749,360,2013-01-01T18:33:48Z,CHE,vparty,360,FDP,NA,Radical Democratic Party,1902,2019,56.1,1914,NA,NA,2020-03-07T13:56:06Z,2021-03-12T10:14:45Z,39247,2020-03-07T13:56:06Z,CHE,poppa,2803,FDP,FDP.Die  Liberalen  /  PLR.Les  Libéraux- Radicaux / PLR.I Liberali,FDP.The Liberals,2018,2018,NA,NA,NA,NA,2020-03-05T19:25:58Z,2021-03-12T10:16:18Z,36822,2020-03-05T19:25:58Z
CHE,manifesto,43110,GPS/PES,Grüne Partei der Schweiz/Parti écologiste suisse,Green Party of Switzerland,1979,2019,13.2,2019,NA,NA,2013-01-01T18:17:02Z,2023-06-05T10:39:52Z,1619,1006,2013-01-01T18:33:48Z,CHE,vparty,1006,Grue,NA,Green Party,1991,2019,13.2,2019,NA,NA,2020-03-07T13:55:44Z,2021-03-12T10:14:45Z,38642,2020-03-07T13:55:44Z,CHE,poppa,2805,Grüne/Verts,Grüne Partei der Schweiz / Les verts – Parti écologiste suisse / I Verdi – Partito ecologista svizzero,Green Party of Switzerland,2018,2018,NA,NA,NA,NA,2020-03-05T19:25:58Z,2021-03-12T10:16:18Z,36816,2020-03-05T19:25:58Z
CHE,manifesto,43120,GLP,Grünliberale Partei der Schweiz,Green Liberal Party,2007,2019,7.8,2019,NA,NA,2014-02-08T21:29:16Z,2023-06-05T10:39:41Z,3705,1759,2014-02-09T22:06:42Z,CHE,vparty,1759,GPL,NA,Green Liberal Party,2011,2019,7.8,2019,NA,NA,2020-03-07T13:55:03Z,2021-03-12T10:14:45Z,37571,2020-03-07T13:55:03Z,CHE,poppa,2806,GPL-PVL,Grünliberale Partei / Parti vert'libéral / Partito Verde-Liberale,Green Liberal Party,2018,2018,NA,NA,NA,NA,2020-03-05T19:25:45Z,2021-03-12T10:16:18Z,36661,2020-03-05T19:25:45Z
CHE,manifesto,43220,PdAS/PdTS,Partei der Arbeit der Schweiz/Parti suisse du travail,Swiss Labour Party,1991,2019,1.2,1995,NA,NA,2013-01-01T18:18:04Z,2023-06-05T10:39:48Z,1912,669,2013-01-01T18:33:50Z,CHE,vparty,669,KP/PdA,NA,Swiss [Communist] Party of Labour,1947,1947,5.1,1947,NA,NA,2020-03-07T13:56:45Z,2021-03-12T10:14:45Z,40267,2020-03-07T13:56:45Z,CHE,poppa,2810,PdA,Partei der Arbeit der Schweiz / Parti Suisse du Travail - Parti Ouvrier et Populaire / Partito Svizzero del Lavoro - Partito Operaio e Popolare,Swiss Party of Labour,2018,2018,NA,NA,NA,NA,2020-03-05T19:25:52Z,2021-03-12T10:16:18Z,36737,2020-03-05T19:25:52Z
CHE,manifesto,43810,SVP/UDC,Schweizerische Volkspartei/Union démocratique du centre,Swiss People’s Party,1947,2019,29.4,2015,NA,NA,2013-01-01T18:16:57Z,2023-06-05T10:39:39Z,1596,308,2013-01-01T18:33:51Z,CHE,vparty,308,SVP,NA,Swiss People's Party,1919,2019,29.4,2015,NA,NA,2020-03-07T13:56:00Z,2021-03-12T10:14:45Z,39059,2020-03-07T13:56:00Z,CHE,poppa,2801,SVP-UDC,Schweizerische    Volkspartei    /    Union Démocratique du Centre / Unione Democratica di Centro,Swiss People's Party,2018,2018,NA,NA,NA,NA,2020-03-05T19:25:58Z,2021-03-12T10:16:18Z,36814,2020-03-05T19:25:58Z
CHE,manifesto,43320,SPS/PSS,Sozialdemokratische Partei der Schweiz/Parti socialiste suisse,Social Democratic Party of Switzerland,1947,2019,26.8,1955,NA,NA,2013-01-01T18:17:22Z,2023-06-05T10:39:53Z,1709,29,2013-01-01T18:33:52Z,CHE,vparty,29,SP,NA,Social Democratic Party of Switzerland,1902,2019,30.8,1917,NA,NA,2020-03-07T13:56:03Z,2021-03-12T10:14:45Z,39157,2020-03-07T13:56:04Z,CHE,poppa,2802,SP-PS,Sozialdemokratische Partei der Schweiz / Parti socialiste suisse / Partito Socialista Svizzero,Social Democratic Party of Switzerland,2018,2018,NA,NA,NA,NA,2020-03-05T19:25:44Z,2021-03-12T10:16:18Z,36645,2020-03-05T19:25:44Z
GBR,manifesto,51620,Conservatives,Conservative Party,Conservative Party,1945,2019,49.7,1955,NA,NA,2013-01-01T18:17:26Z,2023-06-05T10:39:46Z,1727,1567,2013-01-01T18:34:39Z,GBR,vparty,1567,Con,NA,Conservatives,1900,2019,55,1931,NA,NA,2020-03-07T13:56:39Z,2021-03-12T10:14:46Z,40134,2020-03-07T13:56:39Z,GBR,poppa,2901,Con,Conservatives,Conservatives,2018,2018,NA,NA,NA,NA,2020-03-05T19:25:58Z,2021-03-12T10:16:18Z,36811,2020-03-05T19:25:58Z
GBR,manifesto,51320,Labour,Labour Party,Labour Party,1945,2019,48.8,1951,NA,NA,2013-01-01T18:16:14Z,2023-06-05T10:40:00Z,1396,1516,2013-01-01T18:34:40Z,GBR,vparty,1516,Lab,NA,Labour,1906,2019,48.8,1951,NA,NA,2020-03-07T13:56:40Z,2021-03-12T10:14:46Z,40152,2020-03-07T13:56:40Z,GBR,poppa,2902,Lab,Labour,Labour,2018,2018,NA,NA,NA,NA,2020-03-05T19:25:56Z,2021-03-12T10:16:18Z,36785,2020-03-05T19:25:56Z
GBR,manifesto,51420,NA,Liberal Party,Liberal Party,1945,1987,19.3,1974,NA,NA,2013-01-01T18:17:07Z,2023-06-05T10:39:43Z,1641,540,2013-01-01T18:34:41Z,GBR,vparty,540,Lib,NA,Liberal Party,1900,2015,44.5,1906,NA,NA,2020-03-07T13:55:01Z,2021-03-12T10:14:46Z,37512,2020-03-07T13:55:01Z,GBR,poppa,2904,LD,Liberal Democrats,Liberal Democrats,2018,2018,NA,NA,NA,NA,2020-03-05T19:26:01Z,2021-03-12T10:16:18Z,36862,2020-03-05T19:26:01Z
GBR,manifesto,51951,UKIP,United Kingdom Independence Party,United Kingdom Independence Party,2001,2017,12.6,2015,NA,NA,2013-01-01T18:16:09Z,2023-06-05T10:40:03Z,1373,601,2013-01-01T18:34:43Z,GBR,vparty,601,UKIP,NA,United Kingdom Independence Party,2001,2017,12.7,2015,NA,NA,2020-03-07T13:56:07Z,2021-03-12T10:14:46Z,39274,2020-03-07T13:56:07Z,GBR,poppa,2910,UKIP,United Kingdom Independent Party,United Kingdom Independent Party,2018,2018,NA,NA,NA,NA,2020-03-05T19:26:01Z,2021-03-12T10:16:18Z,36856,2020-03-05T19:26:01Z
